%,GPST,,,latitude(deg),longitude(deg),height(m),Q,ns,sdn(m),sde(m),sdu(m),sdne(m),sdeu(m),sdun(m),age(s),ratio
2019/07/16,04:03:30.000,35.639540109,139.299949117,224.5587,2,4,13.0003,6.2888,26.3445,9.0029,-12.7778,-18.4498,0.50,0.0
2019/07/16,04:03:33.000,35.639499609,139.299903001,224.3830,1,4,3.3370,15.1042,16.6768,-7.0994,15.8711,-7.4599,0.50,4.4
2019/07/16,04:03:35.000,35.639499370,139.299927296,247.1007,2,4,3.9867,1.9838,29.7310,2.3085,7.2021,10.3521,0.50,0.0
2019/07/16,04:03:37.000,35.639461563,139.299896012,226.9114,2,7,1.3078,0.4689,5.8087,-0.3487,0.8129,2.0758,0.50,1.7
2019/07/16,04:03:49.000,35.639411752,139.299766963,237.2616,2,6,1.9925,0.8024,3.3542,-0.8382,-1.3307,2.0542,0.50,0.0
2019/07/16,04:03:50.000,35.639403963,139.299763219,232.2363,2,6,1.9332,0.9323,2.6508,-1.1019,-1.3580,1.5787,0.50,65.2
2019/07/16,04:03:51.000,35.639372879,139.299769448,224.4245,2,4,15.1222,5.9270,25.2927,-9.4105,-12.1532,19.4788,0.50,41.0
2019/07/16,04:03:52.000,35.639394539,139.299750745,222.6772,1,4,17.5557,6.6084,23.4122,-10.7710,-12.4385,20.2735,0.50,32.9
2019/07/16,04:03:53.000,35.639390581,139.299734401,236.2726,2,5,1.9745,0.7901,5.2770,-1.0068,-1.7538,2.9317,0.50,999.9
2019/07/16,04:04:05.000,35.639442287,139.299570536,227.2453,2,5,3.5272,1.8164,3.4292,2.1598,-1.8335,-1.9364,0.50,2.4
2019/07/16,04:04:07.000,35.639202292,139.299431516,230.3986,2,4,28.0429,10.3857,3.6418,17.0049,-5.3738,-8.5925,0.50,1.4
2019/07/16,04:04:08.000,35.639309346,139.299467038,229.0479,2,4,28.0465,10.3495,3.3926,17.0062,-5.2894,-8.5747,1.00,2.7
2019/07/16,04:04:09.000,35.639458679,139.299521632,227.6043,2,5,2.0123,0.7415,1.8879,0.8845,-0.5591,0.8804,0.50,1.7
2019/07/16,04:04:10.000,35.639434857,139.299496927,227.8262,2,5,2.0342,0.9840,1.8243,1.2422,-0.9630,-1.0563,0.50,2.3
2019/07/16,04:04:11.000,35.639438106,139.299484211,227.4504,2,6,1.1113,0.5149,1.5319,0.4570,-0.5065,0.2763,0.50,2.2
2019/07/16,04:04:12.000,35.639413976,139.299467476,229.2979,2,9,0.7377,0.4256,1.3472,0.2510,-0.4317,0.5390,0.50,2.4
2019/07/16,04:04:13.000,35.639413505,139.299448957,229.1773,2,9,0.6560,0.3326,1.2694,0.1206,-0.4026,0.4838,0.50,1.4
2019/07/16,04:04:14.000,35.639415845,139.299434255,229.0151,2,5,0.5793,0.3198,1.2074,0.1041,-0.3794,0.4611,0.50,1.6
2019/07/16,04:04:15.000,35.639417187,139.299419185,228.8743,2,6,0.5557,0.3015,1.1527,0.0976,-0.3536,0.4339,0.50,2.5
2019/07/16,04:04:16.000,35.639418088,139.299402911,229.0949,2,8,0.5230,0.2531,1.0831,-0.0596,-0.3094,0.4078,0.50,1.2
2019/07/16,04:04:17.000,35.639420573,139.299388417,229.0418,2,6,0.5003,0.2361,1.0458,-0.0991,-0.3060,0.3859,0.50,1.6
2019/07/16,04:04:18.000,35.639412747,139.299370104,229.0805,2,5,1.0926,0.4384,1.0146,0.5972,-0.2884,0.3982,0.50,1.5
2019/07/16,04:04:19.000,35.639422200,139.299358949,228.8639,2,5,0.4855,0.2244,0.9927,-0.0751,-0.2847,0.3696,0.50,1.1
2019/07/16,04:04:20.000,35.639406607,139.299336515,228.7662,1,4,28.1143,10.2029,2.3436,16.9365,-4.8895,-8.1164,0.50,9.2
2019/07/16,04:04:21.000,35.639436124,139.299379751,224.4914,2,4,7.9967,19.7030,21.3108,-12.2017,-20.4733,12.7754,0.50,249.2
2019/07/16,04:04:22.000,35.639420462,139.299313060,228.4350,2,6,1.4513,0.5809,0.8920,0.8610,-0.1850,0.4824,0.50,1.7
2019/07/16,04:04:23.000,35.639417167,139.299295947,228.7040,1,5,1.1418,0.4131,0.1021,0.6866,-0.1943,-0.3221,0.50,4.1
2019/07/16,04:04:24.000,35.639457913,139.299299202,227.9361,2,4,28.1374,10.1650,2.4072,16.9092,-4.7809,-7.9364,0.50,1.9
2019/07/16,04:04:25.000,35.639415233,139.299264828,228.2241,2,6,1.0515,0.4522,0.8258,0.6244,-0.1131,0.5028,0.50,1.1
2019/07/16,04:04:26.000,35.639414243,139.299250143,226.6943,2,5,1.1751,0.4229,3.6839,0.5962,0.4415,1.6589,0.50,1.0
2019/07/16,04:04:36.000,35.639427231,139.299078319,231.4298,1,5,0.3090,1.0982,0.8748,-0.5822,-0.9796,0.5195,0.50,10.9
2019/07/16,04:04:37.000,35.639380307,139.299044512,231.3068,2,4,28.2133,10.0873,2.9219,16.8056,-4.5286,-7.2853,0.50,2.6
2019/07/16,04:04:38.000,35.639435895,139.299061281,229.3448,2,6,0.9611,0.7390,1.8189,0.3138,-0.7208,0.6216,0.50,2.4
2019/07/16,04:04:39.000,35.639456661,139.299057285,225.9796,1,5,0.0366,0.0187,0.0476,0.0223,-0.0221,-0.0252,0.50,15.2
2019/07/16,04:04:40.000,35.639432539,139.299022583,228.9921,2,7,0.8016,0.3972,1.4744,0.1145,-0.3788,0.5356,0.50,1.2
2019/07/16,04:04:41.000,35.639432350,139.299006675,228.7098,2,6,0.7438,0.3641,1.3817,0.0984,-0.3477,0.4902,0.50,1.6
2019/07/16,04:04:42.000,35.639430712,139.298989177,228.7120,2,6,0.6450,0.3397,1.2990,-0.0704,-0.3162,0.4907,0.50,1.1
2019/07/16,04:04:43.000,35.639300509,139.298917212,229.3183,2,5,2.2056,0.8883,1.2196,1.3259,0.2340,0.8219,0.50,1.7
2019/07/16,04:04:44.000,35.639430829,139.298957994,228.3098,2,6,0.6045,0.3079,1.1903,0.0602,-0.2879,0.4425,0.50,1.4
2019/07/16,04:04:45.000,35.639432209,139.298941147,228.1997,2,7,0.5750,0.2643,1.1328,-0.0636,-0.2431,0.4253,0.50,1.1
2019/07/16,04:04:46.000,35.639434657,139.298926885,228.2015,2,7,0.5432,0.2417,1.0822,-0.1058,-0.2535,0.3875,0.50,2.6
2019/07/16,04:04:47.000,35.639433507,139.298911894,228.0977,2,6,0.5285,0.2214,1.0510,-0.1199,-0.2354,0.3899,0.50,1.4
2019/07/16,04:04:48.000,35.639431931,139.298896165,228.0854,2,5,0.5136,0.2183,1.0177,-0.1020,-0.2326,0.3648,0.50,1.2
2019/07/16,04:04:49.000,35.639429952,139.298880788,227.9493,2,5,0.5014,0.2146,0.9875,-0.0852,-0.2285,0.3452,0.50,1.4
2019/07/16,04:04:50.000,35.639388960,139.298848382,227.8734,1,4,28.2774,9.8947,1.5766,16.7271,-3.9489,-6.6756,0.50,6.9
2019/07/16,04:04:51.000,35.639397495,139.298835272,227.8358,1,4,28.2825,9.8842,1.5508,16.7197,-3.9143,-6.6212,1.00,12.8
2019/07/16,04:04:52.000,35.639427501,139.298831831,227.6547,1,5,0.0364,0.0185,0.0475,0.0220,-0.0219,-0.0248,0.50,3.2
2019/07/16,04:04:53.000,35.639424111,139.298815155,227.9473,2,6,0.4504,0.2006,0.8948,-0.0488,-0.2103,0.3195,0.50,1.1
2019/07/16,04:04:54.000,35.639424211,139.298799153,227.7875,2,5,0.4429,0.1981,0.8743,-0.0241,-0.2078,0.3055,0.50,1.3
2019/07/16,04:04:55.000,35.639425009,139.298784438,227.6142,2,5,0.4165,0.1954,0.8536,-0.0209,-0.2040,0.3039,0.50,1.9
2019/07/16,04:04:56.000,35.639425951,139.298769994,227.3967,2,5,0.4106,0.1931,0.8358,0.0301,-0.2018,0.2920,0.50,2.2
2019/07/16,04:04:57.000,35.639425591,139.298754846,227.2729,2,5,0.4048,0.1910,0.8191,0.0453,-0.1997,0.2811,0.50,2.5
2019/07/16,04:05:00.000,35.639428742,139.298706525,226.7403,2,8,0.3839,0.1888,0.7727,0.0568,-0.1992,0.2776,0.50,1.9
2019/07/16,04:05:01.000,35.639436566,139.298691420,226.4846,2,6,0.3740,0.1868,0.7475,0.0653,-0.1981,0.2839,0.50,1.6
2019/07/16,04:05:02.000,35.639444078,139.298680930,225.8872,2,8,0.3686,0.2855,0.7484,-0.0830,-0.2804,0.3015,0.50,1.3
2019/07/16,04:05:03.000,35.639450504,139.298668634,225.5244,2,8,0.3622,0.2562,0.7199,-0.0867,-0.2520,0.3019,0.50,1.3
2019/07/16,04:05:04.000,35.639456638,139.298652547,225.7191,2,11,0.3427,0.1610,0.6811,-0.0371,-0.1719,0.2693,0.50,1.5
2019/07/16,04:05:05.000,35.639460166,139.298639257,225.6374,2,10,0.3316,0.1522,0.6655,-0.0519,-0.1658,0.2584,0.50,1.7
2019/07/16,04:05:06.000,35.639463034,139.298624195,225.5165,2,5,0.3288,0.1472,0.6533,-0.0638,-0.1632,0.2518,0.50,2.2
2019/07/16,04:05:09.000,35.639434069,139.298566260,225.2387,2,6,0.3226,0.1468,0.6393,-0.0531,-0.1625,0.2414,0.50,1.7
2019/07/16,04:05:10.000,35.639462407,139.298564303,224.9908,2,5,0.3191,0.1429,0.6316,-0.0605,-0.1637,0.2368,1.00,1.5
2019/07/16,04:05:11.000,35.639446756,139.298543458,228.0935,2,4,3.4968,2.5657,29.7985,2.8383,-8.4896,-8.5871,0.50,4.0
2019/07/16,04:05:17.000,35.639437426,139.298450600,224.3264,2,5,1.6463,8.0152,9.0369,-1.2654,-8.0390,0.7010,0.50,1.7
2019/07/16,04:05:37.000,35.639175813,139.298462575,219.4200,1,5,0.9668,0.7030,1.8376,0.8240,-1.1361,-1.3329,0.50,5.1
2019/07/16,04:05:40.000,35.639166587,139.298465439,217.1722,2,7,1.3976,1.4862,2.7456,0.8086,-1.2281,-1.8899,0.50,2.0
2019/07/16,04:05:41.000,35.639136231,139.298467183,217.9943,2,7,2.0404,1.2926,2.4223,-1.4681,-1.0976,0.8671,0.50,1.8
2019/07/16,04:05:42.000,35.639133852,139.298464374,216.9930,2,10,1.1631,0.8615,1.9305,-0.8976,-0.7356,0.5809,0.50,1.4
2019/07/16,04:05:43.000,35.639126349,139.298454178,218.8843,2,12,0.5933,0.4915,1.1649,-0.4148,0.4567,-0.7054,0.50,1.2
2019/07/16,04:05:44.000,35.639120764,139.298442916,218.8039,2,13,0.4717,0.4102,0.9611,-0.3306,0.3518,-0.5442,0.50,1.2
2019/07/16,04:05:45.000,35.639118760,139.298430854,218.9401,2,13,0.3907,0.3102,0.8473,-0.2161,0.1785,-0.4487,0.50,1.0
2019/07/16,04:05:46.000,35.639118691,139.298420074,218.6307,2,12,0.3488,0.2649,0.7792,-0.1699,0.1053,-0.4005,0.50,1.1
2019/07/16,04:05:47.000,35.639118196,139.298411319,218.2417,2,13,0.3133,0.2356,0.7129,-0.1578,0.1129,-0.3543,0.50,1.4
2019/07/16,04:05:48.000,35.639115632,139.298401997,218.3250,2,14,0.2840,0.2140,0.6589,-0.1353,0.0743,-0.3165,0.50,1.2
2019/07/16,04:05:49.000,35.639112527,139.298392126,218.2866,2,9,0.2753,0.2043,0.6427,-0.1266,0.0679,-0.3124,0.50,1.6
2019/07/16,04:05:50.000,35.639106278,139.298386206,218.3966,2,10,0.2666,0.2015,0.6140,-0.1245,0.0732,-0.3018,0.50,1.0
2019/07/16,04:05:51.000,35.639098822,139.298380150,218.2486,2,11,0.2568,0.1923,0.5921,-0.1272,0.0898,-0.2842,0.50,1.1
2019/07/16,04:05:52.000,35.639092933,139.298386486,216.3301,1,4,2.6209,14.2301,26.2800,6.1068,-19.3382,-8.2990,0.50,5.1
2019/07/16,04:05:53.000,35.639091103,139.298364455,215.8273,2,4,11.7592,10.3203,25.5994,-11.0149,16.2508,-17.3481,1.00,1.6
2019/07/16,04:05:55.000,35.639069151,139.298368766,217.1772,2,11,0.2433,0.1821,0.5569,-0.1272,0.1032,-0.2666,0.50,1.5
2019/07/16,04:05:56.000,35.639062506,139.298366832,217.0861,2,12,0.2350,0.1751,0.5363,-0.1250,0.1091,-0.2568,0.50,1.3
2019/07/16,04:05:57.000,35.639054461,139.298366430,216.8614,2,10,0.2255,0.1680,0.5148,-0.1217,0.1142,-0.2445,0.50,1.6
2019/07/16,04:05:59.000,35.639033067,139.298355921,216.8152,2,4,0.2420,0.1663,0.5199,-0.1076,0.0965,-0.2570,0.50,2.1
2019/07/16,04:06:00.000,35.639016616,139.298333358,211.2775,1,4,2.1173,6.1528,29.2859,3.6092,13.4233,7.8743,0.50,6.7
2019/07/16,04:06:01.000,35.638967182,139.298395516,205.2102,1,4,1.6441,1.8114,4.2479,-1.7257,-2.7735,2.6422,0.50,9.6
2019/07/16,04:06:02.000,35.638998726,139.298332858,216.8264,2,11,0.2120,0.1617,0.4894,-0.1195,0.1134,-0.2271,0.50,1.2
2019/07/16,04:06:03.000,35.638985736,139.298329860,216.8585,2,5,0.2161,0.1604,0.4920,-0.1102,0.1002,-0.2379,0.50,1.3
2019/07/16,04:06:04.000,35.638944574,139.298331747,218.1502,2,4,27.7670,4.1111,10.5968,-10.6807,6.5953,-17.1458,0.50,2.7
2019/07/16,04:06:07.000,35.638933075,139.298319876,216.9389,2,5,0.2072,0.1579,0.4716,-0.1126,0.1058,-0.2248,0.50,1.8
2019/07/16,04:06:08.000,35.638920629,139.298317968,216.8745,2,4,0.2072,0.1567,0.4702,-0.1131,0.1013,-0.2205,0.50,1.3
2019/07/16,04:06:09.000,35.638906650,139.298315863,216.8843,2,12,0.2014,0.1514,0.4523,-0.1106,0.1102,-0.2174,0.50,1.8
2019/07/16,04:06:10.000,35.638893518,139.298314366,216.8383,2,8,0.1992,0.1510,0.4418,-0.1096,0.1118,-0.2166,0.50,1.3
2019/07/16,04:06:11.000,35.638880525,139.298313316,216.9727,2,11,0.1962,0.1512,0.4293,-0.1092,0.1138,-0.2130,0.50,1.2
2019/07/16,04:06:12.000,35.638867787,139.298313540,216.9638,2,13,0.1906,0.1490,0.4160,-0.1084,0.1147,-0.2064,0.50,1.4
2019/07/16,04:06:13.000,35.638855746,139.298313309,216.9436,2,13,0.1871,0.1462,0.4055,-0.1081,0.1164,-0.2027,0.50,1.1
2019/07/16,04:06:14.000,35.638843192,139.298313165,216.9438,2,13,0.1821,0.1440,0.3957,-0.1066,0.1139,-0.1965,0.50,1.0
2019/07/16,04:06:15.000,35.638832399,139.298309206,216.9711,2,12,0.1777,0.1420,0.3865,-0.1053,0.1117,-0.1908,0.50,1.1
2019/07/16,04:06:16.000,35.638821342,139.298303691,216.9513,2,13,0.1736,0.1386,0.3780,-0.1034,0.1091,-0.1856,0.50,1.1
2019/07/16,04:06:17.000,35.638810681,139.298295869,216.8312,2,9,0.1730,0.1370,0.3746,-0.1034,0.1071,-0.1849,0.50,1.1
2019/07/16,04:06:18.000,35.638801569,139.298288254,216.8524,2,10,0.1714,0.1368,0.3682,-0.1048,0.1074,-0.1821,0.50,1.3
2019/07/16,04:06:19.000,35.638790880,139.298282461,217.0287,2,12,0.1667,0.1336,0.3605,-0.1015,0.1042,-0.1768,0.50,1.1
2019/07/16,04:06:20.000,35.638781110,139.298273075,216.6314,2,11,0.1647,0.1298,0.3601,-0.0996,0.1039,-0.1759,0.50,1.4
2019/07/16,04:06:21.000,35.638772260,139.298260847,216.6830,2,9,0.1628,0.1276,0.3585,-0.0965,0.1010,-0.1749,0.50,1.1
2019/07/16,04:06:22.000,35.638765431,139.298247187,216.6502,2,12,0.1594,0.1230,0.3553,-0.0926,0.0963,-0.1717,0.50,1.3
2019/07/16,04:06:23.000,35.638760398,139.298231905,216.6118,2,12,0.1555,0.1200,0.3513,-0.0895,0.0934,-0.1676,0.50,1.0
2019/07/16,04:06:24.000,35.638756180,139.298217195,216.8278,2,11,0.1530,0.1177,0.3477,-0.0887,0.0922,-0.1621,0.50,1.1
2019/07/16,04:06:25.000,35.638752684,139.298201901,216.7439,2,11,0.1499,0.1153,0.3440,-0.0865,0.0897,-0.1577,0.50,1.3
2019/07/16,04:06:26.000,35.638750862,139.298185881,216.7340,2,9,0.1473,0.1132,0.3438,-0.0847,0.0908,-0.1525,0.50,1.3
2019/07/16,04:06:27.000,35.638748504,139.298170378,216.6181,2,9,0.1452,0.1109,0.3411,-0.0832,0.0846,-0.1489,0.50,1.5
2019/07/16,04:06:28.000,35.638746050,139.298153532,216.6388,2,9,0.1429,0.1091,0.3370,-0.0804,0.0846,-0.1457,1.00,1.7
2019/07/16,04:06:29.000,35.638744469,139.298137996,216.1897,2,5,0.1422,0.1107,0.4797,-0.0768,-0.0197,-0.1561,0.50,2.1
2019/07/16,04:06:30.000,35.638742874,139.298121364,216.5050,2,6,0.1447,0.1067,0.3449,-0.0775,0.0811,-0.1307,0.50,1.1
2019/07/16,04:06:32.000,35.638743889,139.298088085,216.7707,2,9,0.1410,0.1038,0.3409,-0.0752,0.0812,-0.1318,0.50,1.1
2019/07/16,04:06:33.000,35.638745050,139.298070767,216.7369,2,10,0.1381,0.1010,0.3368,-0.0725,0.0782,-0.1268,0.50,1.1
2019/07/16,04:06:34.000,35.638746170,139.298054218,216.6404,2,13,0.1330,0.0970,0.3264,-0.0681,0.0693,-0.1200,0.50,1.1
2019/07/16,04:06:35.000,35.638746736,139.298038007,216.6508,2,14,0.1299,0.0940,0.3182,-0.0654,0.0631,-0.1156,0.50,1.7
2019/07/16,04:06:36.000,35.638747961,139.298022129,216.6240,2,13,0.1264,0.0918,0.3115,-0.0633,0.0593,-0.1128,0.50,2.1
2019/07/16,04:06:37.000,35.638750160,139.298006537,216.5720,2,15,0.1237,0.0898,0.3051,-0.0614,0.0560,-0.1098,0.50,2.0
2019/07/16,04:06:38.000,35.638752157,139.297991375,216.6508,2,13,0.1218,0.0884,0.3086,-0.0606,0.0562,-0.1083,0.50,1.5
2019/07/16,04:06:39.000,35.638754213,139.297975756,216.6363,2,12,0.1204,0.0873,0.3028,-0.0597,0.0589,-0.1078,0.50,1.6
2019/07/16,04:06:40.000,35.638754599,139.297959823,216.6068,2,11,0.1191,0.0860,0.2988,-0.0593,0.0576,-0.1070,0.50,1.9
2019/07/16,04:06:41.000,35.638754469,139.297943642,216.6249,2,14,0.1168,0.0842,0.2932,-0.0575,0.0549,-0.1041,1.50,2.2
2019/07/16,04:06:42.000,35.638754997,139.297927494,216.5879,2,15,0.1147,0.0823,0.2884,-0.0556,0.0518,-0.1010,2.00,2.2
2019/07/16,04:06:43.000,35.638755511,139.297911581,216.5526,2,13,0.1128,0.0808,0.2847,-0.0543,0.0495,-0.0973,0.50,2.0
2019/07/16,04:06:44.000,35.638757075,139.297895637,216.4609,2,6,0.1156,0.0804,0.3261,-0.0554,0.0362,-0.0779,0.50,1.9
2019/07/16,04:06:45.000,35.638758986,139.297879629,216.5604,2,11,0.1118,0.0792,0.2841,-0.0537,0.0497,-0.0960,0.50,1.8
2019/07/16,04:06:46.000,35.638759894,139.297863563,216.4764,2,6,0.1136,0.0792,0.2931,-0.0528,0.0529,-0.0839,0.50,1.1
2019/07/16,04:06:47.000,35.638760669,139.297847186,216.6111,2,6,0.1133,0.0789,0.2922,-0.0526,0.0530,-0.0831,0.50,1.8
2019/07/16,04:06:48.000,35.638761331,139.297830957,216.6492,2,11,0.1114,0.0777,0.2896,-0.0521,0.0525,-0.0837,0.50,1.2
2019/07/16,04:06:49.000,35.638761459,139.297814554,216.6711,2,12,0.1083,0.0762,0.2769,-0.0515,0.0470,-0.0883,0.50,1.6
2019/07/16,04:06:50.000,35.638761564,139.297798628,216.6615,2,13,0.1065,0.0750,0.2737,-0.0501,0.0449,-0.0846,0.50,1.9
2019/07/16,04:06:51.000,35.638764231,139.297783197,216.6011,2,14,0.1056,0.0739,0.2717,-0.0496,0.0445,-0.0844,1.00,1.6
2019/07/16,04:06:52.000,35.638768058,139.297768166,216.5784,2,11,0.1046,0.0734,0.2745,-0.0489,0.0433,-0.0858,0.50,1.0
2019/07/16,04:06:53.000,35.638771780,139.297753284,216.6277,2,15,0.1031,0.0720,0.2660,-0.0477,0.0421,-0.0829,0.50,2.1
2019/07/16,04:06:54.000,35.638775855,139.297739586,216.6092,2,13,0.1019,0.0712,0.2641,-0.0469,0.0426,-0.0822,0.50,1.5
2019/07/16,04:06:55.000,35.638781768,139.297725443,216.5390,2,13,0.1007,0.0702,0.2628,-0.0461,0.0407,-0.0791,0.50,1.7
2019/07/16,04:06:56.000,35.638788217,139.297711346,216.5437,2,16,0.0993,0.0690,0.2576,-0.0451,0.0372,-0.0771,0.50,1.4
2019/07/16,04:06:57.000,35.638792761,139.297697046,216.6666,2,14,0.0980,0.0681,0.2542,-0.0439,0.0342,-0.0760,0.50,1.1
2019/07/16,04:06:58.000,35.638796901,139.297682511,216.6065,2,16,0.0966,0.0671,0.2505,-0.0428,0.0320,-0.0746,0.50,1.9
2019/07/16,04:06:59.000,35.638804554,139.297670789,216.5823,2,16,0.0951,0.0663,0.2475,-0.0415,0.0286,-0.0736,0.50,1.6
2019/07/16,04:07:00.000,35.638808437,139.297659698,216.5928,2,13,0.0938,0.0660,0.2446,-0.0403,0.0255,-0.0724,0.50,1.1
2019/07/16,04:07:01.000,35.638806925,139.297647983,216.5828,2,13,0.0931,0.0651,0.2437,-0.0397,0.0256,-0.0736,0.50,1.4
2019/07/16,04:07:02.000,35.638803507,139.297637746,216.6365,2,13,0.0930,0.0646,0.2445,-0.0392,0.0241,-0.0758,1.00,1.6
2019/07/16,04:07:03.000,35.638796793,139.297633085,216.6421,2,11,0.0927,0.0651,0.2391,-0.0410,0.0289,-0.0746,0.50,1.1
2019/07/16,04:07:04.000,35.638787606,139.297630053,216.6357,2,11,0.0920,0.0649,0.2369,-0.0410,0.0291,-0.0746,1.00,1.0
2019/07/16,04:07:05.000,35.638779020,139.297628784,216.5634,2,13,0.0910,0.0653,0.2341,-0.0411,0.0295,-0.0737,0.50,1.0
2019/07/16,04:07:06.000,35.638771864,139.297625699,216.5356,2,13,0.0891,0.0632,0.2306,-0.0383,0.0223,-0.0710,0.50,1.1
2019/07/16,04:07:07.000,35.638762147,139.297621023,216.4789,2,9,0.0890,0.0637,0.2289,-0.0394,0.0243,-0.0715,0.50,1.3
2019/07/16,04:07:08.000,35.638750713,139.297616334,216.5417,2,12,0.0886,0.0643,0.2272,-0.0402,0.0269,-0.0717,0.50,1.0
2019/07/16,04:07:09.000,35.638741449,139.297608605,216.5483,2,8,0.0924,0.0677,0.2278,-0.0472,0.0122,-0.0656,0.50,1.2
2019/07/16,04:07:10.000,35.638732405,139.297599370,216.5444,2,12,0.0921,0.0672,0.2269,-0.0472,0.0123,-0.0648,0.50,1.0
2019/07/16,04:07:11.000,35.638723613,139.297588976,216.5122,2,8,0.0903,0.0651,0.2271,-0.0443,0.0185,-0.0663,0.50,1.6
2019/07/16,04:07:12.000,35.638715136,139.297578477,216.5941,2,11,0.0910,0.0658,0.2254,-0.0461,0.0096,-0.0632,0.50,1.0
2019/07/16,04:07:13.000,35.638706735,139.297569286,216.5962,2,9,0.0870,0.0630,0.2222,-0.0406,0.0265,-0.0689,0.50,1.3
2019/07/16,04:07:14.000,35.638699443,139.297558059,216.0726,2,12,0.0864,0.0622,0.2211,-0.0400,0.0259,-0.0692,0.50,1.3
2019/07/16,04:07:15.000,35.638689241,139.297549221,216.4654,2,9,0.0872,0.0625,0.2265,-0.0408,0.0158,-0.0677,0.50,1.1
2019/07/16,04:07:16.000,35.638682539,139.297537157,216.5296,2,12,0.0859,0.0629,0.2188,-0.0402,0.0248,-0.0681,0.50,1.0
2019/07/16,04:07:17.000,35.638677450,139.297525679,216.5186,2,13,0.0846,0.0618,0.2167,-0.0382,0.0214,-0.0672,0.50,1.8
2019/07/16,04:07:18.000,35.638672663,139.297513204,216.5477,2,12,0.0844,0.0613,0.2160,-0.0372,0.0194,-0.0679,0.50,1.1
2019/07/16,04:07:19.000,35.638668699,139.297499988,216.5432,2,11,0.0837,0.0603,0.2149,-0.0374,0.0221,-0.0679,0.50,1.3
2019/07/16,04:07:20.000,35.638668096,139.297485736,216.4890,2,10,0.0848,0.0614,0.2165,-0.0342,0.0084,-0.0719,0.50,1.0
2019/07/16,04:07:21.000,35.638667739,139.297470403,216.6421,2,7,0.0893,0.0629,0.2217,-0.0280,-0.0249,-0.0817,0.50,2.3
2019/07/16,04:07:22.000,35.638668595,139.297456236,216.6438,2,11,0.0837,0.0605,0.2123,-0.0363,0.0200,-0.0693,0.50,1.2
2019/07/16,04:07:23.000,35.638669190,139.297441253,216.6674,2,8,0.0948,0.0639,0.2266,-0.0167,-0.0385,-0.0922,0.50,1.1
2019/07/16,04:07:24.000,35.638671318,139.297426982,216.6481,2,14,0.0819,0.0598,0.2085,-0.0348,0.0159,-0.0665,0.50,1.3
2019/07/16,04:07:25.000,35.638673364,139.297411811,216.6699,2,12,0.0815,0.0593,0.2070,-0.0348,0.0188,-0.0664,0.50,1.3
2019/07/16,04:07:26.000,35.638675822,139.297397028,216.7127,2,9,0.0839,0.0589,0.2145,-0.0337,0.0202,-0.0536,0.50,1.2
2019/07/16,04:07:27.000,35.638675849,139.297382668,216.8434,2,8,0.0830,0.0587,0.2433,-0.0325,0.0299,-0.0524,0.50,1.0
2019/07/16,04:07:28.000,35.638674384,139.297368203,216.9027,2,6,0.0962,0.0608,0.5510,-0.0349,-0.0761,0.1246,0.50,1.6
2019/07/16,04:07:29.000,35.638672384,139.297353645,216.2138,2,9,0.0959,0.0605,0.5440,-0.0347,-0.0772,0.1247,0.50,1.4
2019/07/16,04:07:30.000,35.638673780,139.297338881,216.6309,2,9,0.0919,0.0578,0.3462,-0.0338,0.0129,0.0895,0.50,1.1
2019/07/16,04:07:31.000,35.638674874,139.297323892,216.8389,2,10,0.0874,0.0580,0.2410,-0.0295,0.0338,0.0265,0.50,2.5
2019/07/16,04:07:32.000,35.638674522,139.297307843,216.7776,2,14,0.0814,0.0571,0.2184,-0.0329,0.0190,-0.0463,0.50,1.1
2019/07/16,04:07:33.000,35.638675554,139.297292858,216.8412,2,14,0.0803,0.0566,0.2136,-0.0330,0.0188,-0.0499,0.50,1.3
2019/07/16,04:07:34.000,35.638677063,139.297277542,216.7623,2,12,0.0793,0.0559,0.2116,-0.0324,0.0148,-0.0475,0.50,1.2
2019/07/16,04:07:35.000,35.638679414,139.297264563,216.7796,2,15,0.0782,0.0554,0.2075,-0.0321,0.0142,-0.0492,0.50,1.2
2019/07/16,04:07:36.000,35.638682269,139.297251075,216.8028,2,14,0.0773,0.0550,0.2050,-0.0317,0.0133,-0.0491,0.50,1.2
2019/07/16,04:07:37.000,35.638685407,139.297236393,216.8267,2,14,0.0769,0.0546,0.2042,-0.0314,0.0125,-0.0465,0.50,1.2
2019/07/16,04:07:38.000,35.638687766,139.297221174,216.8670,2,15,0.0760,0.0541,0.2010,-0.0313,0.0104,-0.0476,1.00,1.4
2019/07/16,04:07:39.000,35.638688992,139.297206065,216.8816,2,15,0.0754,0.0537,0.1988,-0.0311,0.0099,-0.0474,0.50,1.6
2019/07/16,04:07:40.000,35.638690087,139.297190636,216.9040,2,15,0.0748,0.0534,0.1970,-0.0307,0.0099,-0.0470,0.50,1.6
2019/07/16,04:07:41.000,35.638691694,139.297175573,216.9221,2,18,0.0740,0.0529,0.1950,-0.0304,0.0092,-0.0470,0.50,2.1
2019/07/16,04:07:42.000,35.638692888,139.297160361,216.9341,2,15,0.0735,0.0525,0.1933,-0.0300,0.0092,-0.0465,0.50,1.9
2019/07/16,04:07:43.000,35.638692612,139.297145277,216.9715,2,17,0.0728,0.0521,0.1917,-0.0296,0.0072,-0.0465,0.50,1.3
2019/07/16,04:07:44.000,35.638692667,139.297129623,216.9841,2,15,0.0724,0.0519,0.1910,-0.0297,0.0096,-0.0471,0.50,1.2
2019/07/16,04:07:45.000,35.638692803,139.297114820,217.0083,2,16,0.0717,0.0515,0.1889,-0.0291,0.0094,-0.0464,0.50,1.6
2019/07/16,04:07:46.000,35.638693992,139.297099571,217.0178,2,15,0.0711,0.0512,0.1875,-0.0287,0.0078,-0.0462,0.50,2.4
2019/07/16,04:07:47.000,35.638695028,139.297084768,217.0275,2,15,0.0708,0.0508,0.1868,-0.0287,0.0099,-0.0467,0.50,1.1
2019/07/16,04:07:48.000,35.638696001,139.297069271,217.0484,2,13,0.0703,0.0507,0.1858,-0.0285,0.0115,-0.0469,0.50,1.1
2019/07/16,04:07:49.000,35.638696968,139.297053772,216.9994,2,11,0.0704,0.0505,0.1901,-0.0281,0.0121,-0.0462,0.50,1.1
2019/07/16,04:07:50.000,35.638698398,139.297038332,217.0639,2,14,0.0699,0.0501,0.1852,-0.0282,0.0115,-0.0478,0.50,1.6
2019/07/16,04:07:51.000,35.638699304,139.297022905,217.1686,2,12,0.0698,0.0500,0.1848,-0.0280,0.0123,-0.0488,0.50,1.2
2019/07/16,04:07:52.000,35.638700060,139.297007192,217.0852,2,10,0.0696,0.0498,0.1865,-0.0279,0.0127,-0.0494,0.50,1.6
2019/07/16,04:07:53.000,35.638700858,139.296991437,217.0422,2,10,0.0692,0.0502,0.1861,-0.0275,0.0134,-0.0495,0.50,1.0
2019/07/16,04:07:54.000,35.638701229,139.296975875,217.1434,2,12,0.0694,0.0495,0.1856,-0.0273,0.0140,-0.0503,0.50,1.6
2019/07/16,04:07:55.000,35.638701805,139.296960505,217.2115,2,12,0.0685,0.0500,0.1840,-0.0264,0.0049,-0.0487,0.50,1.1
2019/07/16,04:07:56.000,35.638701385,139.296947317,217.1095,2,11,0.0682,0.0492,0.1984,-0.0267,0.0217,-0.0420,0.50,1.5
2019/07/16,04:07:57.000,35.638700973,139.296933616,217.0823,2,8,0.0681,0.0495,0.2114,-0.0267,0.0166,-0.0432,0.50,1.1
2019/07/16,04:07:58.000,35.638700168,139.296918305,217.0803,2,7,0.0687,0.0493,0.2020,-0.0269,0.0097,-0.0452,0.50,1.0
2019/07/16,04:07:59.000,35.638700617,139.296902121,217.0097,2,9,0.0679,0.0493,0.2107,-0.0266,0.0169,-0.0431,0.50,1.4
2019/07/16,04:08:00.000,35.638699794,139.296886055,217.0550,2,11,0.0675,0.0489,0.1919,-0.0267,0.0106,-0.0442,0.50,1.0
2019/07/16,04:08:01.000,35.638699693,139.296870770,217.0361,2,11,0.0672,0.0485,0.1910,-0.0267,0.0131,-0.0434,0.50,1.0
2019/07/16,04:08:02.000,35.638700632,139.296855187,217.0453,2,15,0.0667,0.0480,0.1861,-0.0266,0.0089,-0.0425,0.50,1.3
2019/07/16,04:08:03.000,35.638702318,139.296839356,217.0711,2,11,0.0664,0.0478,0.1841,-0.0265,0.0066,-0.0420,0.50,1.1
2019/07/16,04:08:04.000,35.638704636,139.296823609,217.0523,2,13,0.0661,0.0474,0.1822,-0.0263,0.0053,-0.0412,0.50,1.1
2019/07/16,04:08:05.000,35.638707747,139.296807795,217.0224,2,12,0.0660,0.0471,0.1820,-0.0264,0.0082,-0.0416,0.50,1.3
2019/07/16,04:08:06.000,35.638709417,139.296793098,217.0827,2,14,0.0657,0.0468,0.1803,-0.0264,0.0082,-0.0421,0.50,1.5
2019/07/16,04:08:07.000,35.638710411,139.296777778,217.0516,2,16,0.0651,0.0465,0.1781,-0.0261,0.0084,-0.0417,0.50,1.5
2019/07/16,04:08:08.000,35.638711736,139.296762101,217.0751,2,13,0.0647,0.0464,0.1771,-0.0258,0.0045,-0.0417,0.50,1.1
2019/07/16,04:08:09.000,35.638713249,139.296745778,217.0744,2,14,0.0643,0.0461,0.1756,-0.0255,0.0057,-0.0414,0.50,1.4
2019/07/16,04:08:10.000,35.638714108,139.296730181,217.1014,2,16,0.0640,0.0459,0.1750,-0.0256,0.0103,-0.0421,0.50,1.3
2019/07/16,04:08:11.000,35.638713678,139.296715420,217.0771,2,13,0.0639,0.0458,0.1739,-0.0254,0.0093,-0.0429,0.50,1.2
2019/07/16,04:08:12.000,35.638713248,139.296700713,217.1054,2,16,0.0632,0.0455,0.1721,-0.0251,0.0070,-0.0420,0.50,1.6
2019/07/16,04:08:13.000,35.638714124,139.296685929,217.1164,2,16,0.0629,0.0451,0.1713,-0.0249,0.0083,-0.0414,0.50,1.3
2019/07/16,04:08:14.000,35.638715059,139.296671888,217.1280,2,14,0.0629,0.0450,0.1716,-0.0249,0.0075,-0.0436,0.50,1.3
2019/07/16,04:08:15.000,35.638715562,139.296658457,217.1671,2,15,0.0623,0.0447,0.1691,-0.0247,0.0068,-0.0418,0.50,1.4
2019/07/16,04:08:16.000,35.638718672,139.296645082,217.1485,2,12,0.0625,0.0445,0.1708,-0.0249,-0.0044,-0.0385,1.00,1.9
2019/07/16,04:08:17.000,35.638722982,139.296631848,217.1286,2,12,0.0638,0.0443,0.1726,-0.0252,-0.0086,-0.0320,0.50,1.1
2019/07/16,04:08:18.000,35.638726227,139.296618579,217.1152,2,13,0.0620,0.0441,0.1685,-0.0245,-0.0023,-0.0383,0.50,1.7
2019/07/16,04:08:19.000,35.638727981,139.296604384,217.1608,2,13,0.0618,0.0439,0.1686,-0.0246,-0.0075,-0.0368,0.50,1.2
2019/07/16,04:08:20.000,35.638730420,139.296590297,217.1937,2,14,0.0609,0.0436,0.1658,-0.0242,-0.0031,-0.0392,0.50,1.6
2019/07/16,04:08:21.000,35.638732308,139.296577873,217.1718,2,13,0.0609,0.0434,0.1664,-0.0243,-0.0077,-0.0372,0.50,1.5
2019/07/16,04:08:22.000,35.638732596,139.296563412,217.1509,2,14,0.0607,0.0434,0.1684,-0.0242,0.0025,-0.0377,0.50,1.2
2019/07/16,04:08:23.000,35.638731966,139.296548149,217.1786,2,12,0.0605,0.0433,0.1656,-0.0236,-0.0008,-0.0362,0.50,1.3
2019/07/16,04:08:24.000,35.638731653,139.296535054,217.1616,2,5,0.0628,0.0438,0.2086,-0.0232,0.0143,-0.0162,0.50,1.4
2019/07/16,04:08:25.000,35.638731153,139.296521394,217.1368,2,10,0.0606,0.0432,0.1662,-0.0244,-0.0021,-0.0365,0.50,1.2
2019/07/16,04:08:26.000,35.638731838,139.296508621,217.1611,2,11,0.0603,0.0430,0.1651,-0.0244,0.0057,-0.0367,0.50,1.6
2019/07/16,04:08:27.000,35.638732423,139.296496121,217.2412,2,10,0.0607,0.0436,0.1716,-0.0258,0.0185,-0.0410,0.50,1.0
2019/07/16,04:08:28.000,35.638733995,139.296482690,217.2071,2,13,0.0595,0.0425,0.1662,-0.0239,0.0016,-0.0345,0.50,1.3
2019/07/16,04:08:29.000,35.638736048,139.296469049,217.2056,2,16,0.0589,0.0423,0.1617,-0.0236,0.0038,-0.0362,0.50,1.4
2019/07/16,04:08:30.000,35.638736336,139.296455895,217.1791,2,15,0.0585,0.0423,0.1604,-0.0233,0.0048,-0.0364,0.50,1.2
2019/07/16,04:08:31.000,35.638736152,139.296442317,217.2200,2,14,0.0583,0.0420,0.1607,-0.0235,0.0061,-0.0372,0.50,1.2
2019/07/16,04:08:32.000,35.638737357,139.296428404,217.2035,2,13,0.0581,0.0419,0.1617,-0.0233,-0.0019,-0.0345,0.50,1.6
2019/07/16,04:08:33.000,35.638739176,139.296414279,217.2099,2,12,0.0579,0.0417,0.1611,-0.0232,-0.0070,-0.0348,0.50,1.6
2019/07/16,04:08:34.000,35.638741500,139.296400958,217.2116,2,15,0.0573,0.0414,0.1578,-0.0229,-0.0055,-0.0356,0.50,1.7
2019/07/16,04:08:35.000,35.638743001,139.296387265,217.2157,2,16,0.0571,0.0412,0.1565,-0.0227,-0.0046,-0.0353,0.50,2.5
2019/07/16,04:08:36.000,35.638743227,139.296374186,217.1982,2,11,0.0574,0.0416,0.1568,-0.0227,0.0076,-0.0360,0.50,1.4
2019/07/16,04:08:37.000,35.638743411,139.296360215,217.1628,2,12,0.0569,0.0415,0.1560,-0.0226,0.0077,-0.0363,0.50,1.4
2019/07/16,04:08:38.000,35.638743936,139.296345508,217.1217,2,9,0.0572,0.0410,0.1565,-0.0229,-0.0066,-0.0344,0.50,1.7
2019/07/16,04:08:39.000,35.638745309,139.296331764,217.1794,2,12,0.0564,0.0409,0.1546,-0.0227,0.0060,-0.0357,0.50,2.1
2019/07/16,04:08:40.000,35.638746504,139.296317512,217.2147,2,14,0.0562,0.0407,0.1548,-0.0226,0.0054,-0.0359,0.50,1.2
2019/07/16,04:08:41.000,35.638746749,139.296303216,217.2337,2,15,0.0558,0.0405,0.1536,-0.0224,-0.0014,-0.0356,0.50,1.5
2019/07/16,04:08:42.000,35.638747839,139.296288250,217.2633,2,14,0.0556,0.0403,0.1525,-0.0221,-0.0053,-0.0350,0.50,1.9
2019/07/16,04:08:43.000,35.638748542,139.296273578,217.2474,2,16,0.0552,0.0401,0.1516,-0.0220,-0.0060,-0.0348,0.50,1.8
2019/07/16,04:08:44.000,35.638749195,139.296258837,217.2818,2,17,0.0549,0.0398,0.1505,-0.0218,-0.0060,-0.0344,0.50,1.1
2019/07/16,04:08:45.000,35.638749747,139.296244334,217.2640,2,17,0.0547,0.0396,0.1497,-0.0217,-0.0068,-0.0342,1.00,1.2
2019/07/16,04:08:46.000,35.638750330,139.296229647,217.2478,2,15,0.0546,0.0394,0.1497,-0.0218,-0.0092,-0.0326,0.50,1.3
2019/07/16,04:08:47.000,35.638750781,139.296215361,217.2364,2,17,0.0540,0.0394,0.1482,-0.0213,-0.0067,-0.0337,0.50,1.2
2019/07/16,04:08:48.000,35.638750587,139.296200581,217.2154,2,14,0.0539,0.0393,0.1494,-0.0214,-0.0029,-0.0328,0.50,1.4
2019/07/16,04:08:49.000,35.638750992,139.296185704,217.2537,2,14,0.0538,0.0390,0.1483,-0.0214,-0.0104,-0.0316,0.50,1.8
2019/07/16,04:08:50.000,35.638751648,139.296170888,217.2430,2,13,0.0536,0.0389,0.1482,-0.0214,-0.0100,-0.0320,0.50,1.4
2019/07/16,04:08:51.000,35.638752009,139.296156883,217.2650,2,15,0.0532,0.0386,0.1466,-0.0211,-0.0100,-0.0317,0.50,1.5
2019/07/16,04:08:52.000,35.638753280,139.296142024,217.2547,2,14,0.0530,0.0385,0.1465,-0.0211,-0.0092,-0.0314,0.50,1.4
2019/07/16,04:08:53.000,35.638754276,139.296127605,217.2636,2,12,0.0530,0.0385,0.1471,-0.0211,-0.0061,-0.0305,0.50,1.9
2019/07/16,04:08:54.000,35.638754538,139.296112820,217.2738,2,13,0.0528,0.0383,0.1460,-0.0209,-0.0082,-0.0299,0.50,1.7
2019/07/16,04:08:55.000,35.638755092,139.296097954,217.2502,2,13,0.0524,0.0381,0.1447,-0.0207,-0.0093,-0.0303,0.50,1.7
2019/07/16,04:08:56.000,35.638755959,139.296083418,217.2654,2,10,0.0525,0.0383,0.1449,-0.0208,-0.0085,-0.0306,0.50,1.2
2019/07/16,04:08:57.000,35.638757201,139.296068938,217.2565,2,13,0.0521,0.0378,0.1439,-0.0209,-0.0100,-0.0300,0.50,1.4
2019/07/16,04:08:58.000,35.638759158,139.296054467,217.2367,2,10,0.0522,0.0381,0.1444,-0.0202,-0.0083,-0.0295,0.50,1.3
2019/07/16,04:08:59.000,35.638762804,139.296041758,217.1824,2,12,0.0519,0.0376,0.1430,-0.0204,-0.0120,-0.0297,0.50,1.3
2019/07/16,04:09:00.000,35.638764503,139.296028320,217.2192,2,18,0.0514,0.0375,0.1422,-0.0202,-0.0112,-0.0291,0.50,1.3
2019/07/16,04:09:01.000,35.638766015,139.296013931,217.2465,2,16,0.0510,0.0373,0.1411,-0.0200,-0.0107,-0.0295,0.50,1.5
2019/07/16,04:09:02.000,35.638767032,139.295999861,217.2773,2,17,0.0506,0.0371,0.1403,-0.0199,-0.0106,-0.0297,1.00,1.5
2019/07/16,04:09:03.000,35.638767511,139.295985102,217.3206,2,16,0.0503,0.0370,0.1397,-0.0197,-0.0112,-0.0296,0.50,1.7
2019/07/16,04:09:04.000,35.638768395,139.295970347,217.3038,2,15,0.0502,0.0369,0.1392,-0.0197,-0.0095,-0.0301,0.50,1.7
2019/07/16,04:09:05.000,35.638768476,139.295956412,217.3217,2,12,0.0502,0.0367,0.1394,-0.0195,-0.0122,-0.0282,0.50,1.8
2019/07/16,04:09:06.000,35.638768679,139.295942588,217.3314,2,15,0.0496,0.0366,0.1378,-0.0191,-0.0113,-0.0293,0.50,1.2
2019/07/16,04:09:07.000,35.638769928,139.295928839,217.3052,2,16,0.0493,0.0364,0.1372,-0.0190,-0.0111,-0.0294,0.50,1.4
2019/07/16,04:09:08.000,35.638771441,139.295915887,217.2837,2,16,0.0489,0.0361,0.1365,-0.0188,-0.0113,-0.0290,0.50,1.5
2019/07/16,04:09:09.000,35.638772180,139.295901583,217.2161,2,12,0.0491,0.0364,0.1372,-0.0182,-0.0107,-0.0271,0.50,1.6
2019/07/16,04:09:10.000,35.638772103,139.295887858,217.2749,2,10,0.0491,0.0365,0.1376,-0.0178,-0.0094,-0.0269,0.50,1.3
2019/07/16,04:09:11.000,35.638772146,139.295873856,217.2455,2,14,0.0488,0.0360,0.1362,-0.0186,-0.0127,-0.0268,0.50,1.8
2019/07/16,04:09:12.000,35.638772989,139.295859855,217.2561,2,12,0.0485,0.0360,0.1380,-0.0185,-0.0140,-0.0274,0.50,1.8
2019/07/16,04:09:13.000,35.638773286,139.295845218,217.3164,2,15,0.0479,0.0357,0.1348,-0.0181,-0.0127,-0.0284,0.50,2.2
2019/07/16,04:09:14.000,35.638773850,139.295830153,217.2852,2,17,0.0476,0.0354,0.1340,-0.0180,-0.0119,-0.0283,0.50,1.1
2019/07/16,04:09:15.000,35.638774526,139.295814747,217.2923,2,16,0.0474,0.0354,0.1334,-0.0177,-0.0121,-0.0284,0.50,1.9
2019/07/16,04:09:16.000,35.638775094,139.295799152,217.2694,2,13,0.0476,0.0353,0.1345,-0.0182,-0.0146,-0.0258,0.50,1.2
2019/07/16,04:09:17.000,35.638775748,139.295784106,217.2437,2,15,0.0472,0.0351,0.1333,-0.0179,-0.0132,-0.0265,0.50,1.3
2019/07/16,04:09:18.000,35.638776290,139.295769195,217.2812,2,12,0.0472,0.0351,0.1335,-0.0179,-0.0128,-0.0266,0.50,1.8
2019/07/16,04:09:19.000,35.638777045,139.295753298,217.2809,2,12,0.0469,0.0352,0.1333,-0.0178,-0.0138,-0.0257,0.50,1.0
2019/07/16,04:09:20.000,35.638777853,139.295737905,217.3203,2,13,0.0466,0.0351,0.1329,-0.0178,-0.0154,-0.0257,0.50,1.6
2019/07/16,04:09:21.000,35.638778347,139.295722527,217.3141,2,13,0.0464,0.0350,0.1325,-0.0177,-0.0157,-0.0255,0.50,1.6
2019/07/16,04:09:22.000,35.638779427,139.295707154,217.3315,2,11,0.0464,0.0353,0.1329,-0.0174,-0.0096,-0.0254,0.50,1.1
2019/07/16,04:09:23.000,35.638780667,139.295691676,217.2679,2,11,0.0464,0.0350,0.1315,-0.0169,-0.0128,-0.0248,0.50,1.1
2019/07/16,04:09:24.000,35.638782092,139.295676304,217.3031,2,9,0.0463,0.0356,0.1345,-0.0170,-0.0148,-0.0258,1.00,1.2
2019/07/16,04:09:25.000,35.638783564,139.295660901,217.2978,2,13,0.0461,0.0349,0.1308,-0.0167,-0.0128,-0.0250,0.50,1.7
2019/07/16,04:09:26.000,35.638785399,139.295645141,217.3366,2,10,0.0457,0.0353,0.1311,-0.0169,-0.0166,-0.0249,0.50,1.1
2019/07/16,04:09:27.000,35.638788016,139.295629894,217.2835,2,10,0.0455,0.0352,0.1306,-0.0168,-0.0166,-0.0253,0.50,1.2
2019/07/16,04:09:28.000,35.638790688,139.295614404,217.2716,2,14,0.0456,0.0352,0.1304,-0.0165,-0.0165,-0.0245,0.50,1.1
2019/07/16,04:09:29.000,35.638793965,139.295599144,217.2792,2,13,0.0453,0.0347,0.1297,-0.0169,-0.0160,-0.0245,0.50,1.1
2019/07/16,04:09:30.000,35.638797692,139.295584297,217.2816,2,13,0.0451,0.0345,0.1290,-0.0171,-0.0158,-0.0248,0.50,1.2
2019/07/16,04:09:31.000,35.638801937,139.295569669,217.3230,2,12,0.0450,0.0344,0.1288,-0.0171,-0.0160,-0.0243,0.50,1.3
2019/07/16,04:09:32.000,35.638805627,139.295554675,217.3217,2,10,0.0449,0.0344,0.1304,-0.0169,-0.0172,-0.0237,0.50,1.2
2019/07/16,04:09:33.000,35.638810615,139.295540306,217.2903,2,12,0.0446,0.0343,0.1296,-0.0168,-0.0171,-0.0245,0.50,1.3
2019/07/16,04:09:34.000,35.638816475,139.295526519,217.3594,2,10,0.0445,0.0342,0.1294,-0.0170,-0.0176,-0.0243,0.50,1.1
2019/07/16,04:09:35.000,35.638822862,139.295513386,217.3037,2,11,0.0442,0.0340,0.1282,-0.0167,-0.0164,-0.0250,0.50,1.4
2019/07/16,04:09:36.000,35.638829793,139.295500140,217.3315,2,8,0.0447,0.0346,0.1290,-0.0167,-0.0192,-0.0232,0.50,1.2
2019/07/16,04:09:37.000,35.638836492,139.295487785,217.3831,2,10,0.0441,0.0340,0.1277,-0.0167,-0.0183,-0.0237,0.50,1.6
2019/07/16,04:09:38.000,35.638842347,139.295474655,217.3621,2,11,0.0439,0.0338,0.1265,-0.0166,-0.0173,-0.0236,0.50,1.8
2019/07/16,04:09:39.000,35.638848542,139.295461340,217.3606,2,11,0.0438,0.0338,0.1274,-0.0166,-0.0184,-0.0238,0.50,1.6
2019/07/16,04:09:40.000,35.638856800,139.295449605,217.3665,2,7,0.0446,0.0343,0.1288,-0.0158,-0.0187,-0.0202,0.50,2.3
2019/07/16,04:09:41.000,35.638866082,139.295438672,217.3827,2,7,0.0445,0.0342,0.1285,-0.0158,-0.0188,-0.0201,0.50,2.0
2019/07/16,04:09:42.000,35.638875494,139.295428380,217.3599,2,7,0.0444,0.0342,0.1282,-0.0157,-0.0189,-0.0200,0.50,2.3
2019/07/16,04:09:43.000,35.638884834,139.295417321,217.3592,2,6,0.0444,0.0337,0.1934,-0.0169,-0.0181,-0.0359,0.50,1.5
2019/07/16,04:09:44.000,35.638893774,139.295406065,217.4063,2,7,0.0440,0.0336,0.1539,-0.0167,-0.0213,-0.0246,0.50,1.4
2019/07/16,04:09:45.000,35.638902723,139.295394514,217.3974,2,5,0.0463,0.0413,0.3541,0.0083,-0.0852,-0.0667,0.50,1.4
2019/07/16,04:09:46.000,35.638911727,139.295383506,217.3463,2,6,0.0442,0.0342,0.1671,-0.0156,-0.0066,-0.0157,0.50,1.7
2019/07/16,04:09:47.000,35.638922784,139.295374229,217.6043,2,5,0.0462,0.0412,0.3541,0.0084,-0.0852,-0.0668,0.50,1.4
2019/07/16,04:09:49.000,35.638944683,139.295359611,217.3727,2,7,0.0441,0.0341,0.1665,-0.0156,-0.0064,-0.0159,0.50,1.5
2019/07/16,04:09:50.000,35.638957449,139.295351708,218.0921,2,4,0.2130,0.0351,0.8793,-0.0443,-0.0845,0.4245,0.50,2.3
2019/07/16,04:09:51.000,35.638967239,139.295344069,217.4542,2,5,0.0606,0.0342,0.2711,-0.0185,-0.0234,0.0931,0.50,1.3
2019/07/16,04:09:52.000,35.638977153,139.295331745,223.4344,1,4,1.0402,2.0578,29.9113,1.4630,-7.8454,-5.5776,0.50,5.7
2019/07/16,04:09:53.000,35.638999195,139.295368811,242.3731,1,4,0.9562,3.9173,29.7278,1.9353,10.7913,5.3314,0.50,12.4
2019/07/16,04:09:54.000,35.638982815,139.295327743,206.8863,2,8,1.8461,0.0873,8.2637,-0.3855,-0.8151,3.9049,0.50,1.0
2019/07/16,04:09:55.000,35.638990686,139.295319711,210.0564,2,4,5.8697,2.9512,29.5247,3.9883,-9.1230,-11.4785,0.50,1.0
2019/07/16,04:09:56.000,35.639006510,139.295320211,206.2227,2,5,1.6019,0.0786,7.1482,-0.3370,-0.7113,3.3827,0.50,1.3
2019/07/16,04:09:59.000,35.639072300,139.295309509,216.4707,2,4,1.1778,0.1486,3.3335,-0.3969,-0.5582,1.8667,0.50,1.1
2019/07/16,04:10:03.000,35.639115753,139.295286655,200.1766,1,5,3.9956,1.4249,6.0669,-2.3860,-2.9400,4.9233,0.50,14.1
2019/07/16,04:10:04.000,35.639122795,139.295312646,212.4607,2,7,0.8881,0.0626,3.2131,0.0925,-0.0760,1.6615,0.50,1.7
2019/07/16,04:10:05.000,35.639203428,139.295307091,237.6295,2,5,3.8030,0.3405,12.5925,-1.1092,-2.0205,6.9126,0.50,1.1
2019/07/16,04:10:06.000,35.639151193,139.295316636,213.9385,2,8,0.6535,0.0578,2.2593,0.1015,0.0616,1.1817,0.50,1.2
2019/07/16,04:10:07.000,35.639122920,139.295311994,192.5509,2,5,4.0179,0.5079,18.8595,1.4179,3.0744,8.6965,0.50,1.5
2019/07/16,04:10:08.000,35.639176201,139.295320472,213.7800,2,8,0.6183,0.0560,2.1502,0.0954,0.0501,1.1204,0.50,2.4
2019/07/16,04:10:09.000,35.639186073,139.295324041,212.8227,2,6,0.5472,0.0554,1.8365,0.0926,0.0430,0.9673,0.50,1.2
2019/07/16,04:10:10.000,35.639195927,139.295329683,212.0216,2,7,0.4977,0.0545,1.6310,0.0934,0.0596,0.8638,0.50,2.1
2019/07/16,04:10:11.000,35.639208430,139.295335090,212.3298,2,10,0.4642,0.0536,1.4909,0.0932,0.0663,0.7938,0.50,1.5
2019/07/16,04:10:12.000,35.639223931,139.295340853,213.6046,2,11,0.3937,0.0528,1.2295,0.0881,0.0537,0.6520,0.50,1.6
2019/07/16,04:10:13.000,35.639237356,139.295347201,214.2624,2,12,0.3503,0.0514,1.0560,0.0854,0.0513,0.5626,0.50,1.5
2019/07/16,04:10:14.000,35.639249194,139.295354275,214.3312,2,8,0.3392,0.0508,1.0100,0.0833,0.0477,0.5390,0.50,1.1
2019/07/16,04:10:15.000,35.639260970,139.295361872,214.3952,2,10,0.3290,0.0497,0.9746,0.0808,0.0436,0.5209,0.50,1.8
2019/07/16,04:10:16.000,35.639272118,139.295369671,214.4998,2,12,0.3179,0.0486,0.9413,0.0776,0.0392,0.5029,0.50,1.0
2019/07/16,04:10:17.000,35.639282598,139.295377435,214.4522,2,13,0.2784,0.0475,0.8187,0.0710,-0.0185,0.4291,0.50,1.0
2019/07/16,04:10:18.000,35.639294619,139.295386870,214.6622,2,8,0.2738,0.0470,0.7990,0.0696,-0.0159,0.4210,0.50,1.0
2019/07/16,04:10:19.000,35.639304600,139.295396876,214.4835,2,9,0.2671,0.0465,0.7658,0.0689,0.0169,0.4067,0.50,1.4
2019/07/16,04:10:20.000,35.639315200,139.295407070,214.5946,2,12,0.2612,0.0458,0.7362,0.0687,0.0274,0.3936,0.50,1.1
2019/07/16,04:10:21.000,35.639325457,139.295418020,214.5519,2,11,0.2549,0.0455,0.7113,0.0673,0.0304,0.3817,0.50,3.0
2019/07/16,04:10:22.000,35.639335278,139.295429524,214.5970,2,10,0.2493,0.0451,0.6900,0.0664,0.0331,0.3709,0.50,2.3
2019/07/16,04:10:23.000,35.639344115,139.295441700,214.5820,2,12,0.2434,0.0444,0.6662,0.0656,0.0353,0.3598,0.50,1.4
2019/07/16,04:10:24.000,35.639352687,139.295454021,214.7425,2,12,0.2377,0.0439,0.6440,0.0645,0.0360,0.3490,0.50,1.4
2019/07/16,04:10:25.000,35.639360343,139.295466662,214.7461,2,11,0.2329,0.0435,0.6252,0.0636,0.0376,0.3401,0.50,1.4
2019/07/16,04:10:26.000,35.639368383,139.295479223,214.8397,2,11,0.2284,0.0435,0.6081,0.0633,0.0395,0.3317,0.50,1.3
2019/07/16,04:10:27.000,35.639375581,139.295492710,214.9228,2,10,0.2250,0.0454,0.5946,0.0633,0.0437,0.3253,0.50,1.2
2019/07/16,04:10:28.000,35.639381810,139.295506255,214.9760,2,11,0.2208,0.0437,0.5795,0.0616,0.0394,0.3177,0.50,1.3
2019/07/16,04:10:29.000,35.639387626,139.295520284,215.0317,2,11,0.2171,0.0433,0.5661,0.0609,0.0388,0.3109,0.50,1.1
2019/07/16,04:10:30.000,35.639394052,139.295534685,215.0773,2,11,0.2135,0.0430,0.5534,0.0601,0.0384,0.3044,0.50,1.1
2019/07/16,04:10:31.000,35.639400146,139.295548942,215.1684,2,10,0.2102,0.0428,0.5421,0.0596,0.0370,0.2980,1.00,1.5
2019/07/16,04:10:32.000,35.639405385,139.295563834,215.2246,2,11,0.2068,0.0426,0.5307,0.0588,0.0368,0.2923,0.50,1.0
2019/07/16,04:10:33.000,35.639410135,139.295578955,215.2838,2,10,0.2037,0.0424,0.5205,0.0582,0.0355,0.2864,0.50,1.5
2019/07/16,04:10:34.000,35.639414062,139.295594137,215.3145,2,11,0.2013,0.0423,0.5101,0.0579,0.0357,0.2814,0.50,1.1
2019/07/16,04:10:35.000,35.639417660,139.295608836,215.3760,2,11,0.1980,0.0420,0.5002,0.0571,0.0351,0.2761,0.50,1.2
2019/07/16,04:10:36.000,35.639420615,139.295624367,215.4940,2,10,0.1956,0.0418,0.4916,0.0563,0.0343,0.2719,0.50,1.1
2019/07/16,04:10:37.000,35.639423570,139.295639555,215.5074,2,11,0.1932,0.0417,0.4822,0.0561,0.0346,0.2669,0.50,1.1
2019/07/16,04:10:38.000,35.639426475,139.295655614,215.5702,2,11,0.1901,0.0415,0.4733,0.0553,0.0339,0.2621,0.50,1.3
2019/07/16,04:10:39.000,35.639427669,139.295671814,215.5608,2,10,0.1871,0.0413,0.4623,0.0545,0.0318,0.2559,0.50,1.0
2019/07/16,04:10:40.000,35.639428903,139.295687852,215.6507,2,11,0.1836,0.0412,0.4517,0.0539,0.0304,0.2496,0.50,1.1
2019/07/16,04:10:41.000,35.639428675,139.295703557,215.6501,2,11,0.1803,0.0411,0.4416,0.0532,0.0290,0.2436,0.50,1.1
2019/07/16,04:10:42.000,35.639427916,139.295718916,215.5921,2,11,0.1769,0.0409,0.4320,0.0526,0.0278,0.2377,0.50,1.0
2019/07/16,04:10:43.000,35.639427759,139.295735602,215.6716,2,12,0.1723,0.0407,0.4213,0.0517,0.0264,0.2306,0.50,1.0
2019/07/16,04:10:44.000,35.639427681,139.295751603,215.6998,2,11,0.1692,0.0407,0.4127,0.0516,0.0271,0.2253,0.50,1.2
2019/07/16,04:10:45.000,35.639427223,139.295767357,215.7503,2,12,0.1656,0.0404,0.4032,0.0505,0.0235,0.2191,0.50,1.2
2019/07/16,04:10:46.000,35.639426724,139.295783166,215.7569,2,11,0.1621,0.0402,0.3945,0.0494,0.0207,0.2136,0.50,1.3
2019/07/16,04:10:47.000,35.639426350,139.295799197,215.7976,2,11,0.1600,0.0404,0.3885,0.0486,0.0193,0.2103,0.50,1.0
2019/07/16,04:10:48.000,35.639424967,139.295815607,215.8172,2,11,0.1581,0.0401,0.3832,0.0479,0.0174,0.2075,0.50,1.0
2019/07/16,04:10:49.000,35.639423831,139.295831436,215.8466,2,12,0.1534,0.0397,0.3731,0.0467,0.0122,0.2002,1.00,1.0
2019/07/16,04:10:50.000,35.639422569,139.295847216,215.9049,2,11,0.1518,0.0396,0.3678,0.0462,0.0092,0.1972,0.50,1.1
2019/07/16,04:10:51.000,35.639421591,139.295862480,215.9084,2,12,0.1489,0.0394,0.3607,0.0459,0.0088,0.1924,0.50,1.1
2019/07/16,04:10:52.000,35.639421080,139.295878354,215.9600,2,11,0.1466,0.0394,0.3549,0.0457,0.0109,0.1887,0.50,1.2
2019/07/16,04:10:53.000,35.639421215,139.295893807,216.0086,2,11,0.1452,0.0392,0.3500,0.0449,-0.0010,0.1860,0.50,1.4
2019/07/16,04:10:54.000,35.639420688,139.295910096,216.0176,2,12,0.1424,0.0391,0.3436,0.0446,-0.0039,0.1816,0.50,1.2
2019/07/16,04:10:55.000,35.639419809,139.295925769,216.0465,2,12,0.1401,0.0389,0.3378,0.0442,-0.0065,0.1778,0.50,1.0
2019/07/16,04:10:56.000,35.639419371,139.295941205,216.0842,2,11,0.1386,0.0389,0.3336,0.0435,-0.0097,0.1755,0.50,1.5
2019/07/16,04:10:57.000,35.639418053,139.295956881,216.0928,2,12,0.1361,0.0387,0.3279,0.0432,-0.0100,0.1715,0.50,1.2
2019/07/16,04:10:58.000,35.639415450,139.295972053,216.1081,2,12,0.1341,0.0386,0.3227,0.0428,-0.0113,0.1682,0.50,1.2
2019/07/16,04:10:59.000,35.639412647,139.295986629,216.1520,2,11,0.1327,0.0385,0.3190,0.0421,-0.0129,0.1662,0.50,1.5
2019/07/16,04:11:00.000,35.639410637,139.296001649,216.1856,2,12,0.1303,0.0384,0.3137,0.0417,-0.0128,0.1625,0.50,1.1
2019/07/16,04:11:01.000,35.639409798,139.296017185,216.2098,2,11,0.1291,0.0383,0.3096,0.0414,-0.0141,0.1601,0.50,1.1
2019/07/16,04:11:02.000,35.639409136,139.296032748,216.2648,2,10,0.1289,0.0382,0.3073,0.0410,-0.0150,0.1595,0.50,2.1
2019/07/16,04:11:03.000,35.639408332,139.296046198,216.2481,2,12,0.1258,0.0381,0.3016,0.0408,-0.0149,0.1549,0.50,1.2
2019/07/16,04:11:04.000,35.639407850,139.296059976,216.2538,2,11,0.1239,0.0379,0.2973,0.0399,-0.0168,0.1521,0.50,1.1
2019/07/16,04:11:05.000,35.639407163,139.296074149,216.2834,2,12,0.1209,0.0377,0.2916,0.0392,-0.0186,0.1477,0.50,1.1
2019/07/16,04:11:06.000,35.639406168,139.296088895,216.3354,2,12,0.1186,0.0375,0.2868,0.0386,-0.0194,0.1442,0.50,1.1
2019/07/16,04:11:07.000,35.639404969,139.296103783,216.3207,2,12,0.1173,0.0374,0.2831,0.0378,-0.0206,0.1420,0.50,1.1
2019/07/16,04:11:08.000,35.639404117,139.296119153,216.3909,2,12,0.1157,0.0371,0.2794,0.0372,-0.0207,0.1399,0.50,1.0
2019/07/16,04:11:09.000,35.639403836,139.296133708,216.3749,2,12,0.1137,0.0368,0.2754,0.0366,-0.0209,0.1372,0.50,1.1
2019/07/16,04:11:10.000,35.639404037,139.296149400,216.4393,2,12,0.1117,0.0368,0.2711,0.0361,-0.0218,0.1341,0.50,1.1
2019/07/16,04:11:11.000,35.639403276,139.296165283,216.5253,2,11,0.1110,0.0367,0.2689,0.0360,-0.0212,0.1330,1.00,1.2
2019/07/16,04:11:12.000,35.639401531,139.296179200,216.4725,2,12,0.1087,0.0365,0.2648,0.0354,-0.0208,0.1300,0.50,1.2
2019/07/16,04:11:13.000,35.639400956,139.296194456,216.5305,2,12,0.1085,0.0363,0.2641,0.0353,-0.0191,0.1303,0.50,1.2
2019/07/16,04:11:14.000,35.639401333,139.296209113,216.5506,2,12,0.1067,0.0361,0.2599,0.0346,-0.0205,0.1272,0.50,1.3
2019/07/16,04:11:15.000,35.639402448,139.296224083,216.5224,2,11,0.1057,0.0359,0.2577,0.0343,-0.0202,0.1254,0.50,1.1
2019/07/16,04:11:16.000,35.639405255,139.296239600,216.5369,2,11,0.1041,0.0363,0.2554,0.0342,-0.0213,0.1236,0.50,1.1
2019/07/16,04:11:17.000,35.639407819,139.296254854,216.6070,2,10,0.1030,0.0363,0.2526,0.0336,-0.0209,0.1220,0.50,1.3
2019/07/16,04:11:18.000,35.639408166,139.296270904,216.5489,2,8,0.1040,0.0374,0.2566,0.0331,-0.0207,0.1249,0.50,1.1
2019/07/16,04:11:19.000,35.639407072,139.296286936,216.4687,2,7,0.1031,0.0365,0.2548,0.0329,-0.0228,0.1239,0.50,1.1
2019/07/16,04:11:20.000,35.639404679,139.296302450,216.4249,2,8,0.1024,0.0364,0.2532,0.0328,-0.0224,0.1231,0.50,1.1
2019/07/16,04:11:21.000,35.639402955,139.296317431,216.6221,2,8,0.1020,0.0610,0.2600,0.0389,0.0546,0.1244,0.50,1.1
2019/07/16,04:11:22.000,35.639401226,139.296332974,216.7672,2,8,0.1017,0.0510,0.2547,0.0362,0.0407,0.1226,0.50,1.7
2019/07/16,04:11:23.000,35.639398413,139.296347976,216.7276,2,7,0.1004,0.0568,0.2542,0.0381,0.0482,0.1219,0.50,1.2
2019/07/16,04:11:24.000,35.639394426,139.296363565,216.7777,2,11,0.0994,0.0464,0.2495,0.0353,0.0337,0.1199,0.50,1.0
2019/07/16,04:11:25.000,35.639390145,139.296377416,216.7399,2,11,0.0981,0.0359,0.2436,0.0320,-0.0185,0.1174,0.50,1.1
2019/07/16,04:11:26.000,35.639386949,139.296391839,216.7430,2,11,0.0974,0.0378,0.2423,0.0322,-0.0091,0.1166,0.50,1.0
2019/07/16,04:11:27.000,35.639384670,139.296406133,216.7891,2,13,0.0962,0.0369,0.2395,0.0318,-0.0101,0.1149,0.50,1.0
2019/07/16,04:11:28.000,35.639383451,139.296421050,216.8146,2,12,0.0949,0.0368,0.2364,0.0318,-0.0110,0.1125,0.50,1.0
2019/07/16,04:11:29.000,35.639381790,139.296436620,216.8482,2,12,0.0935,0.0366,0.2340,0.0314,-0.0120,0.1107,0.50,1.0
2019/07/16,04:11:30.000,35.639379271,139.296451991,216.8653,2,13,0.0922,0.0362,0.2314,0.0309,-0.0120,0.1090,0.50,1.6
2019/07/16,04:11:31.000,35.639378282,139.296466025,216.9011,2,12,0.0920,0.0360,0.2305,0.0307,-0.0110,0.1090,0.50,1.4
2019/07/16,04:11:32.000,35.639378039,139.296481329,216.9173,2,12,0.0913,0.0359,0.2289,0.0305,-0.0103,0.1082,0.50,1.5
2019/07/16,04:11:33.000,35.639376197,139.296496667,216.9303,2,12,0.0906,0.0357,0.2274,0.0303,-0.0098,0.1074,0.50,1.6
2019/07/16,04:11:34.000,35.639375571,139.296511875,216.9424,2,12,0.0899,0.0356,0.2258,0.0301,-0.0093,0.1066,0.50,1.6
2019/07/16,04:11:35.000,35.639374765,139.296527370,216.9642,2,12,0.0892,0.0353,0.2243,0.0300,-0.0083,0.1058,0.50,1.7
2019/07/16,04:11:36.000,35.639373468,139.296542970,216.9277,2,13,0.0883,0.0352,0.2224,0.0297,-0.0079,0.1046,0.50,1.1
2019/07/16,04:11:37.000,35.639372642,139.296558328,216.9297,2,12,0.0874,0.0350,0.2206,0.0295,-0.0075,0.1035,0.50,1.2
2019/07/16,04:11:38.000,35.639372497,139.296573686,216.9721,2,12,0.0867,0.0349,0.2192,0.0293,-0.0068,0.1027,1.00,1.8
2019/07/16,04:11:39.000,35.639372551,139.296588871,216.9983,2,12,0.0860,0.0348,0.2176,0.0291,-0.0062,0.1019,0.50,1.8
2019/07/16,04:11:40.000,35.639372059,139.296603968,217.0067,2,12,0.0854,0.0347,0.2161,0.0289,-0.0056,0.1011,0.50,1.8
2019/07/16,04:11:41.000,35.639371652,139.296618270,217.0667,2,12,0.0846,0.0346,0.2144,0.0286,-0.0057,0.1000,0.50,1.8
2019/07/16,04:11:42.000,35.639370439,139.296633400,217.0557,2,13,0.0837,0.0344,0.2127,0.0285,-0.0044,0.0989,0.50,1.9
2019/07/16,04:11:43.000,35.639368898,139.296647830,217.0369,2,12,0.0830,0.0345,0.2111,0.0286,-0.0035,0.0978,0.50,1.1
2019/07/16,04:11:44.000,35.639368857,139.296661806,217.0412,2,11,0.0830,0.0346,0.2099,0.0287,-0.0038,0.0973,0.50,1.1
2019/07/16,04:11:45.000,35.639369609,139.296676395,217.1017,2,11,0.0825,0.0345,0.2085,0.0286,-0.0038,0.0965,0.50,1.1
2019/07/16,04:11:46.000,35.639371256,139.296689792,217.1870,2,11,0.0814,0.0344,0.2071,0.0282,-0.0041,0.0954,0.50,1.1
2019/07/16,04:11:47.000,35.639372968,139.296704092,217.2447,2,10,0.0811,0.0344,0.2062,0.0279,-0.0060,0.0951,0.50,1.4
2019/07/16,04:11:48.000,35.639373086,139.296718915,217.2888,2,10,0.0805,0.0352,0.2048,0.0274,-0.0050,0.0942,0.50,1.2
2019/07/16,04:11:49.000,35.639372902,139.296733152,217.3354,2,10,0.0799,0.0351,0.2036,0.0272,-0.0046,0.0934,0.50,1.2
2019/07/16,04:11:50.000,35.639372417,139.296747333,217.3534,2,10,0.0800,0.0348,0.2026,0.0277,0.0047,0.0930,0.50,1.1
2019/07/16,04:11:51.000,35.639372682,139.296762108,217.3864,2,12,0.0784,0.0340,0.2009,0.0275,0.0035,0.0915,0.50,1.0
2019/07/16,04:11:52.000,35.639372835,139.296777530,217.4116,2,12,0.0783,0.0339,0.1996,0.0274,0.0048,0.0909,0.50,1.3
2019/07/16,04:11:53.000,35.639371767,139.296792311,217.4024,2,12,0.0771,0.0339,0.1980,0.0273,0.0041,0.0896,0.50,1.1
2019/07/16,04:11:54.000,35.639369506,139.296807495,217.3987,2,9,0.0765,0.0495,0.1990,0.0261,0.0332,0.0885,0.50,1.2
2019/07/16,04:11:55.000,35.639365900,139.296821373,217.4908,2,10,0.0759,0.0342,0.1956,0.0271,0.0077,0.0880,0.50,1.2
2019/07/16,04:11:56.000,35.639361293,139.296835212,217.4278,2,12,0.0750,0.0341,0.1936,0.0270,0.0074,0.0865,0.50,1.3
2019/07/16,04:11:57.000,35.639357146,139.296849067,217.4987,2,10,0.0744,0.0341,0.1925,0.0268,0.0076,0.0857,0.50,1.2
2019/07/16,04:11:58.000,35.639352710,139.296863021,217.4986,2,10,0.0738,0.0340,0.1913,0.0267,0.0077,0.0850,0.50,1.3
2019/07/16,04:11:59.000,35.639347151,139.296876534,217.5237,2,10,0.0732,0.0340,0.1901,0.0266,0.0076,0.0841,0.50,1.2
2019/07/16,04:12:00.000,35.639340882,139.296889414,217.5963,2,9,0.0728,0.0468,0.1903,0.0239,0.0279,0.0828,0.50,1.9
2019/07/16,04:12:01.000,35.639333889,139.296900865,217.5594,2,11,0.0717,0.0467,0.1885,0.0243,0.0289,0.0812,1.00,2.2
2019/07/16,04:12:02.000,35.639326650,139.296912160,217.5604,2,12,0.0708,0.0339,0.1851,0.0263,0.0087,0.0803,0.50,1.2
2019/07/16,04:12:03.000,35.639319378,139.296923491,217.5478,2,12,0.0700,0.0338,0.1828,0.0262,0.0088,0.0786,0.50,1.2
2019/07/16,04:12:04.000,35.639311978,139.296935294,217.5618,2,10,0.0695,0.0338,0.1814,0.0261,0.0093,0.0779,0.50,1.2
2019/07/16,04:12:05.000,35.639304569,139.296946431,217.5857,2,10,0.0689,0.0337,0.1798,0.0260,0.0098,0.0769,0.50,1.2
2019/07/16,04:12:06.000,35.639297010,139.296957076,217.6049,2,10,0.0686,0.0337,0.1795,0.0258,0.0087,0.0768,0.50,1.2
2019/07/16,04:12:07.000,35.639288777,139.296967717,217.6587,2,9,0.0679,0.0448,0.1791,0.0245,0.0289,0.0749,0.50,3.0
2019/07/16,04:12:08.000,35.639279823,139.296978244,217.7009,2,13,0.0670,0.0457,0.1773,0.0236,0.0286,0.0734,0.50,1.3
2019/07/16,04:12:09.000,35.639270102,139.296987533,217.7312,2,13,0.0663,0.0403,0.1753,0.0242,0.0226,0.0725,0.50,1.3
2019/07/16,04:12:10.000,35.639257620,139.296993993,218.7145,1,11,0.0080,0.0316,0.0280,-0.0098,0.0266,-0.0071,0.50,4.1
2019/07/16,04:12:11.000,35.639250311,139.297005508,217.7122,2,11,0.0650,0.0442,0.1729,0.0230,0.0266,0.0702,0.50,1.9
2019/07/16,04:12:12.000,35.639237123,139.297010855,218.7250,1,9,0.0120,0.0323,0.0310,-0.0125,0.0249,0.0082,0.50,3.6
2019/07/16,04:12:13.000,35.639227001,139.297019058,218.7104,1,9,0.0120,0.0323,0.0310,-0.0125,0.0249,0.0082,0.50,3.8
2019/07/16,04:12:14.000,35.639219885,139.297030784,217.8103,2,9,0.0642,0.0449,0.1706,0.0208,0.0244,0.0689,0.50,2.3
2019/07/16,04:12:15.000,35.639209858,139.297038661,217.8415,2,9,0.0637,0.0448,0.1697,0.0206,0.0242,0.0682,0.50,2.5
2019/07/16,04:12:16.000,35.639199430,139.297046210,217.8473,2,9,0.0632,0.0447,0.1688,0.0204,0.0240,0.0676,0.50,2.6
2019/07/16,04:12:17.000,35.639186654,139.297050021,218.7515,1,9,0.0150,0.0347,0.0321,-0.0164,0.0270,-0.0028,0.50,3.1
2019/07/16,04:12:18.000,35.639178992,139.297060305,217.9082,2,11,0.0624,0.0445,0.1672,0.0201,0.0239,0.0664,0.50,1.1
2019/07/16,04:12:19.000,35.639167814,139.297066668,217.9669,2,10,0.0619,0.0445,0.1664,0.0199,0.0238,0.0657,0.50,1.1
2019/07/16,04:12:20.000,35.639155922,139.297072409,218.0109,2,11,0.0625,0.0531,0.1654,0.0052,0.0290,0.0637,0.50,1.1
2019/07/16,04:12:21.000,35.639141245,139.297073249,218.8149,1,8,0.0163,0.0415,0.0277,-0.0231,0.0268,-0.0109,0.50,3.3
2019/07/16,04:12:22.000,35.639132493,139.297079115,218.0103,2,10,0.0604,0.0444,0.1635,0.0193,0.0235,0.0635,0.50,1.0
2019/07/16,04:12:23.000,35.639120654,139.297082634,218.0133,2,10,0.0600,0.0443,0.1627,0.0192,0.0234,0.0629,0.50,1.1
2019/07/16,04:12:24.000,35.639108360,139.297086047,218.0029,2,10,0.0594,0.0393,0.1616,0.0216,0.0184,0.0627,0.50,1.1
2019/07/16,04:12:25.000,35.639095701,139.297087476,218.0518,2,11,0.0591,0.0442,0.1611,0.0187,0.0232,0.0616,0.50,1.3
2019/07/16,04:12:26.000,35.639083089,139.297087662,218.0617,2,9,0.0592,0.0428,0.1600,0.0166,0.0197,0.0611,0.50,1.1
2019/07/16,04:12:27.000,35.639070065,139.297088423,218.0690,2,9,0.0580,0.0398,0.1594,0.0212,0.0200,0.0608,0.50,1.2
2019/07/16,04:12:28.000,35.639053894,139.297085813,218.8081,1,8,0.0119,0.0311,0.0295,-0.0151,0.0171,0.0070,0.50,4.0
2019/07/16,04:12:29.000,35.639043441,139.297086271,218.0577,2,11,0.0591,0.0415,0.1579,0.0124,0.0183,0.0589,0.50,1.9
2019/07/16,04:12:30.000,35.639031314,139.297084168,218.1384,2,8,0.0574,0.0395,0.1575,0.0191,0.0204,0.0586,0.50,1.3
2019/07/16,04:12:31.000,35.639018385,139.297082262,218.1343,2,11,0.0570,0.0387,0.1565,0.0175,0.0171,0.0579,0.50,1.3
2019/07/16,04:12:32.000,35.639005235,139.297080948,218.1636,2,10,0.0565,0.0389,0.1558,0.0186,0.0173,0.0576,0.50,1.1
2019/07/16,04:12:33.000,35.638992179,139.297077392,218.1150,2,9,0.0576,0.0394,0.1568,0.0124,0.0182,0.0557,0.50,1.4
2019/07/16,04:12:34.000,35.638978945,139.297072340,218.1311,2,8,0.0571,0.0393,0.1603,0.0120,0.0176,0.0554,0.50,1.1
2019/07/16,04:12:35.000,35.638966574,139.297066334,218.1587,2,10,0.0567,0.0389,0.1558,0.0125,0.0169,0.0549,0.50,2.1
2019/07/16,04:12:36.000,35.638955342,139.297057846,218.1591,2,9,0.0562,0.0387,0.1553,0.0123,0.0162,0.0543,0.50,1.8
2019/07/16,04:12:37.000,35.638944092,139.297049841,218.1105,2,9,0.0554,0.0384,0.1546,0.0129,0.0150,0.0541,0.50,2.1
2019/07/16,04:12:38.000,35.638932275,139.297041912,218.1749,2,9,0.0561,0.0387,0.1546,0.0100,0.0133,0.0540,1.00,2.2
2019/07/16,04:12:39.000,35.638920576,139.297034989,218.1684,2,10,0.0554,0.0387,0.1537,0.0097,0.0141,0.0527,0.50,1.8
2019/07/16,04:12:40.000,35.638908545,139.297027308,218.1478,2,9,0.0553,0.0377,0.1536,0.0109,0.0129,0.0530,0.50,1.0
2019/07/16,04:12:41.000,35.638897350,139.297018613,218.1458,2,8,0.0563,0.0383,0.1582,0.0075,0.0075,0.0568,0.50,1.6
2019/07/16,04:12:42.000,35.638886719,139.297009281,218.1831,2,8,0.0549,0.0379,0.1547,0.0105,0.0097,0.0549,0.50,2.2
2019/07/16,04:12:43.000,35.638876285,139.296999557,218.1566,2,8,0.0560,0.0388,0.1547,-0.0021,0.0071,0.0547,0.50,1.3
2019/07/16,04:12:44.000,35.638865828,139.296989313,218.1363,2,8,0.0551,0.0376,0.1543,0.0088,0.0105,0.0540,0.50,1.6
2019/07/16,04:12:45.000,35.638855474,139.296978665,218.1415,2,12,0.0540,0.0369,0.1534,0.0111,0.0120,0.0526,0.50,1.7
2019/07/16,04:12:46.000,35.638844650,139.296968704,218.0974,2,8,0.0539,0.0377,0.1562,0.0150,0.0068,0.0526,0.50,1.1
2019/07/16,04:12:47.000,35.638827649,139.296949154,224.6252,2,5,2.0356,1.6572,16.7535,1.8361,-5.2682,-5.8382,0.50,1.0
2019/07/16,04:12:48.000,35.638825462,139.296945303,218.0193,2,10,0.0553,0.0366,0.1707,0.0105,-0.0075,0.0628,0.50,1.2
2019/07/16,04:12:49.000,35.638816171,139.296933370,218.0457,2,7,0.0553,0.0367,0.1823,0.0105,0.0090,0.0642,0.50,1.3
2019/07/16,04:12:50.000,35.638807108,139.296920192,218.6575,2,6,0.2002,0.1527,1.6696,0.1693,-0.4960,-0.5613,0.50,1.2
2019/07/16,04:12:52.000,35.638791958,139.296895386,218.0844,2,6,0.0561,0.0370,0.1703,0.0136,-0.0089,0.0628,0.50,1.2
2019/07/16,04:12:53.000,35.638783841,139.296883619,218.0913,2,8,0.0559,0.0395,0.1723,0.0157,0.0207,0.0647,0.50,1.2
2019/07/16,04:12:54.000,35.638775296,139.296871645,218.0711,2,4,0.0560,0.0380,0.1701,0.0151,0.0110,0.0631,0.50,1.0
2019/07/16,04:12:55.000,35.638762526,139.296853247,223.3363,2,5,1.7282,1.2817,15.2847,1.4876,-4.4249,-5.1377,0.50,1.0
2019/07/16,04:12:56.000,35.638761176,139.296845567,218.0070,2,6,0.0545,0.0378,0.1630,0.0140,0.0059,0.0580,0.50,1.2
2019/07/16,04:12:57.000,35.638754625,139.296831292,218.0107,2,7,0.0551,0.0379,0.1623,0.0128,-0.0069,0.0586,0.50,1.6
2019/07/16,04:12:58.000,35.638749652,139.296817100,218.0359,2,6,0.0557,0.0378,0.1697,0.0144,0.0092,0.0626,0.50,1.1
2019/07/16,04:12:59.000,35.638745234,139.296801485,217.9576,2,9,0.0537,0.0377,0.1593,0.0139,0.0053,0.0555,0.50,1.4
2019/07/16,04:13:00.000,35.638744782,139.296787705,216.9555,2,9,0.1599,0.1147,1.2453,0.1285,-0.3656,-0.4268,0.50,1.1
2019/07/16,04:13:01.000,35.638743180,139.296772355,217.9337,2,11,0.0532,0.0377,0.1569,0.0139,0.0041,0.0540,0.50,1.6
2019/07/16,04:13:02.000,35.638740925,139.296759501,217.9262,2,13,0.0526,0.0373,0.1550,0.0141,-0.0040,0.0532,0.50,1.1
2019/07/16,04:13:03.000,35.638737496,139.296745778,217.9319,2,9,0.0525,0.0373,0.1540,0.0144,-0.0041,0.0529,0.50,1.5
2019/07/16,04:13:04.000,35.638732625,139.296731073,217.9172,2,6,0.0534,0.0374,0.1573,0.0138,-0.0090,0.0562,0.50,1.0
2019/07/16,04:13:05.000,35.638728267,139.296716722,217.8738,2,9,0.0531,0.0383,0.1541,0.0169,-0.0149,0.0506,0.50,1.1
2019/07/16,04:13:06.000,35.638724555,139.296700688,217.8166,2,10,0.0525,0.0381,0.1535,0.0163,-0.0146,0.0504,0.50,1.7
2019/07/16,04:13:07.000,35.638723417,139.296683596,217.8664,2,9,0.0532,0.0381,0.1568,0.0158,-0.0164,0.0532,0.50,1.3
2019/07/16,04:13:08.000,35.638724479,139.296667962,217.8087,2,8,0.0530,0.0379,0.1560,0.0161,-0.0149,0.0526,0.50,1.4
2019/07/16,04:13:09.000,35.638726473,139.296651911,217.9878,2,6,0.0564,0.0450,0.3804,0.0268,-0.0928,-0.0633,0.50,2.6
2019/07/16,04:13:10.000,35.638729509,139.296637884,217.7767,2,10,0.0599,0.0887,0.1612,0.0493,-0.0286,0.0405,0.50,1.0
2019/07/16,04:13:11.000,35.638733000,139.296622260,217.8551,2,15,0.0534,0.0378,0.1601,0.0179,-0.0214,0.0419,0.50,1.0
2019/07/16,04:13:12.000,35.638735823,139.296608395,217.8228,2,12,0.0523,0.0372,0.1571,0.0161,-0.0187,0.0445,0.50,1.0
2019/07/16,04:13:13.000,35.638736061,139.296593305,217.8798,2,8,0.0541,0.0406,0.2219,0.0214,-0.0538,-0.0128,0.50,1.1
2019/07/16,04:13:14.000,35.638736224,139.296578840,217.8540,2,10,0.0524,0.0377,0.1594,0.0165,-0.0208,0.0413,0.50,1.2
2019/07/16,04:13:15.000,35.638739273,139.296566205,217.7694,2,11,0.0513,0.0367,0.1612,0.0148,-0.0210,0.0457,0.50,1.7
2019/07/16,04:13:16.000,35.638745434,139.296553536,217.6345,2,9,0.0515,0.0366,0.1625,0.0143,-0.0196,0.0478,0.50,1.8
2019/07/16,04:13:17.000,35.638749410,139.296542872,217.8398,2,7,0.0542,0.0414,0.2857,0.0230,-0.0672,-0.0415,0.50,1.4
2019/07/16,04:13:18.000,35.638750900,139.296529646,217.7441,2,10,0.0521,0.0373,0.1587,0.0171,-0.0223,0.0407,0.50,1.8
2019/07/16,04:13:19.000,35.638750353,139.296514854,217.6644,2,7,0.0525,0.0372,0.1769,0.0167,-0.0245,0.0447,0.50,1.1
2019/07/16,04:13:20.000,35.638749837,139.296500034,217.7818,2,10,0.0521,0.0367,0.1578,0.0143,-0.0151,0.0404,0.50,1.3
2019/07/16,04:13:21.000,35.638751040,139.296485293,217.8311,2,8,0.0509,0.0374,0.1629,0.0140,-0.0123,0.0474,0.50,1.0
2019/07/16,04:13:22.000,35.638752137,139.296470733,217.7069,2,9,0.0546,0.0378,0.1669,0.0062,0.0180,0.0264,0.50,1.1
2019/07/16,04:13:23.000,35.638752404,139.296455501,217.7812,2,10,0.0508,0.0375,0.1539,0.0160,-0.0196,0.0435,0.50,2.4
2019/07/16,04:13:24.000,35.638752668,139.296440016,217.8207,2,9,0.0506,0.0367,0.1598,0.0137,-0.0172,0.0470,0.50,1.3
2019/07/16,04:13:25.000,35.638753553,139.296424243,217.8160,2,12,0.0501,0.0360,0.1525,0.0139,-0.0161,0.0445,1.00,1.2
2019/07/16,04:13:26.000,35.638754631,139.296409210,217.8078,2,14,0.0498,0.0361,0.1517,0.0138,-0.0162,0.0445,0.50,1.7
2019/07/16,04:13:27.000,35.638754822,139.296393942,217.8485,2,8,0.0502,0.0362,0.1539,0.0132,-0.0140,0.0422,0.50,1.6
2019/07/16,04:13:28.000,35.638755346,139.296379502,217.7950,2,11,0.0495,0.0360,0.1511,0.0138,-0.0167,0.0440,0.50,1.7
2019/07/16,04:13:29.000,35.638754484,139.296364738,217.7094,2,10,0.0498,0.0361,0.1532,0.0130,-0.0138,0.0418,0.50,1.6
2019/07/16,04:13:30.000,35.638752759,139.296349751,217.6533,2,7,0.0526,0.0407,0.2784,0.0222,-0.0656,-0.0424,0.50,1.9
2019/07/16,04:13:31.000,35.638751974,139.296334218,217.7513,2,7,0.0508,0.0360,0.1741,0.0127,-0.0135,0.0446,0.50,1.8
2019/07/16,04:13:32.000,35.638752120,139.296318834,217.7468,2,11,0.0494,0.0371,0.1508,0.0152,-0.0196,0.0428,0.50,1.3
2019/07/16,04:13:33.000,35.638753330,139.296303033,217.7398,2,8,0.0496,0.0372,0.1544,0.0146,-0.0220,0.0452,0.50,1.1
2019/07/16,04:13:34.000,35.638754897,139.296287794,217.7387,2,6,0.0505,0.0626,0.1546,0.0242,0.0292,0.0420,0.50,1.5
2019/07/16,04:13:35.000,35.638756848,139.296272257,217.8030,2,9,0.0492,0.0359,0.1533,0.0129,-0.0190,0.0455,0.50,1.4
2019/07/16,04:13:36.000,35.638758148,139.296256825,217.7574,2,12,0.0488,0.0368,0.1497,0.0146,-0.0199,0.0423,0.50,1.0
2019/07/16,04:13:37.000,35.638759185,139.296241314,217.7631,2,13,0.0484,0.0357,0.1488,0.0132,-0.0171,0.0427,0.50,1.6
2019/07/16,04:13:38.000,35.638760201,139.296226012,217.7959,2,12,0.0483,0.0355,0.1484,0.0134,-0.0171,0.0425,0.50,1.7
2019/07/16,04:13:39.000,35.638760710,139.296210933,217.7296,2,13,0.0481,0.0354,0.1477,0.0131,-0.0166,0.0425,0.50,2.1
2019/07/16,04:13:40.000,35.638760873,139.296194644,217.7243,2,12,0.0479,0.0353,0.1472,0.0130,-0.0165,0.0424,0.50,2.0
2019/07/16,04:13:41.000,35.638761416,139.296178989,217.7542,2,11,0.0479,0.0354,0.1471,0.0132,-0.0173,0.0419,0.50,1.8
2019/07/16,04:13:42.000,35.638762338,139.296163360,217.7619,2,10,0.0481,0.0353,0.1495,0.0122,-0.0183,0.0446,0.50,2.1
2019/07/16,04:13:43.000,35.638762744,139.296147694,217.7826,2,10,0.0481,0.0354,0.1499,0.0125,-0.0193,0.0442,0.50,1.4
2019/07/16,04:13:44.000,35.638764197,139.296131464,217.8132,2,13,0.0475,0.0348,0.1460,0.0123,-0.0160,0.0420,0.50,2.4
2019/07/16,04:13:45.000,35.638765908,139.296116069,217.7371,2,13,0.0478,0.0347,0.1480,0.0119,-0.0166,0.0440,0.50,1.7
2019/07/16,04:13:46.000,35.638766747,139.296101249,217.7501,2,11,0.0475,0.0346,0.1480,0.0115,-0.0174,0.0436,0.50,2.2
2019/07/16,04:13:47.000,35.638766340,139.296085661,217.7764,2,9,0.0475,0.0357,0.1452,0.0134,-0.0177,0.0418,0.50,1.2
2019/07/16,04:13:48.000,35.638766514,139.296069819,217.7177,2,9,0.0476,0.0350,0.1484,0.0120,-0.0194,0.0437,0.50,2.1
2019/07/16,04:13:49.000,35.638767905,139.296054431,217.7411,2,12,0.0471,0.0346,0.1446,0.0122,-0.0162,0.0415,0.50,2.9
2019/07/16,04:13:50.000,35.638767058,139.296036650,218.7611,1,10,0.0107,0.0064,0.0306,0.0029,-0.0028,0.0134,0.50,3.0
2019/07/16,04:13:51.000,35.638770363,139.296022841,217.6689,2,11,0.0469,0.0348,0.1444,0.0125,-0.0176,0.0410,0.50,2.2
2019/07/16,04:13:52.000,35.638770794,139.296006972,217.6872,2,10,0.0471,0.0362,0.1445,0.0144,-0.0205,0.0402,1.00,1.3
2019/07/16,04:13:53.000,35.638771176,139.295991081,217.6987,2,8,0.0477,0.0362,0.1483,0.0136,-0.0225,0.0435,0.50,1.5
2019/07/16,04:13:54.000,35.638771594,139.295974765,217.6884,2,9,0.0472,0.0346,0.1471,0.0118,-0.0187,0.0439,0.50,1.9
2019/07/16,04:13:55.000,35.638773473,139.295960300,216.9559,2,6,1.1029,0.8032,9.6398,0.9404,-2.7810,-3.2584,0.50,1.0
2019/07/16,04:13:56.000,35.638773498,139.295943847,218.0568,2,7,0.0505,0.0405,0.3377,0.0230,-0.0788,-0.0589,0.50,1.7
2019/07/16,04:13:57.000,35.638774376,139.295928710,217.6735,2,11,0.0466,0.0344,0.1432,0.0125,-0.0171,0.0411,0.50,1.3
2019/07/16,04:13:58.000,35.638775294,139.295913675,217.6924,2,10,0.0471,0.0358,0.1435,0.0152,-0.0206,0.0394,0.50,2.2
2019/07/16,04:13:59.000,35.638775644,139.295897784,218.1127,2,7,0.0502,0.0400,0.3326,0.0228,-0.0769,-0.0585,0.50,1.7
2019/07/16,04:14:00.000,35.638776259,139.295882433,217.6935,2,10,0.0465,0.0356,0.1432,0.0144,-0.0204,0.0394,1.00,1.1
2019/07/16,04:14:01.000,35.638776432,139.295866475,217.6724,2,10,0.0475,0.0406,0.1430,0.0194,-0.0178,0.0395,0.50,1.1
2019/07/16,04:14:02.000,35.638777118,139.295851056,217.6748,2,9,0.0471,0.0385,0.1465,0.0170,0.0056,0.0443,0.50,1.3
2019/07/16,04:14:03.000,35.638777394,139.295835759,217.6252,2,10,0.0464,0.0354,0.1450,0.0140,-0.0207,0.0410,0.50,1.0
2019/07/16,04:14:04.000,35.638777936,139.295820031,217.6201,2,9,0.0463,0.0348,0.1445,0.0129,-0.0187,0.0424,1.00,1.3
2019/07/16,04:14:05.000,35.638778561,139.295804712,217.7019,2,10,0.0464,0.0354,0.1422,0.0147,-0.0207,0.0387,0.50,1.2
2019/07/16,04:14:06.000,35.638779306,139.295788703,217.6856,2,7,0.0492,0.0395,0.2778,0.0214,-0.0670,-0.0475,0.50,1.2
2019/07/16,04:14:07.000,35.638780040,139.295772899,217.5098,2,5,0.0498,0.0424,0.3659,0.0241,-0.0903,-0.0645,0.50,1.7
2019/07/16,04:14:08.000,35.638781909,139.295757734,216.7322,2,6,0.1489,0.0990,1.0760,0.1149,-0.3143,-0.3853,1.00,1.0
2019/07/16,04:14:09.000,35.638781579,139.295740491,217.6607,2,7,0.0477,0.0358,0.1463,0.0143,-0.0223,0.0436,0.50,1.1
2019/07/16,04:14:10.000,35.638781893,139.295724474,217.7330,2,5,0.0479,0.0414,0.1473,0.0128,-0.0251,0.0448,0.50,1.2
2019/07/16,04:14:11.000,35.638783002,139.295708372,217.7602,2,8,0.0460,0.0357,0.1450,0.0131,-0.0233,0.0410,0.50,1.0
2019/07/16,04:14:12.000,35.638784431,139.295691373,217.6959,2,7,0.0503,0.0802,0.1458,0.0405,0.0248,0.0448,0.50,1.4
2019/07/16,04:14:13.000,35.638785823,139.295676525,217.7559,2,8,0.0456,0.0353,0.1446,0.0122,-0.0239,0.0406,0.50,1.2
2019/07/16,04:14:14.000,35.638787372,139.295660665,217.6960,2,7,0.0463,0.0388,0.1452,0.0106,-0.0255,0.0419,0.50,1.3
2019/07/16,04:14:15.000,35.638789169,139.295644336,217.6948,2,7,0.0500,0.0799,0.1454,0.0401,0.0241,0.0445,0.50,1.4
2019/07/16,04:14:16.000,35.638791942,139.295629028,217.7098,2,6,0.0462,0.0388,0.1449,0.0105,-0.0256,0.0418,0.50,1.6
2019/07/16,04:14:17.000,35.638795067,139.295613729,217.7377,2,7,0.0453,0.0386,0.1442,0.0119,-0.0247,0.0402,0.50,1.1
2019/07/16,04:14:18.000,35.638798262,139.295598260,217.7509,2,10,0.0452,0.0351,0.1438,0.0114,-0.0245,0.0400,0.50,1.3
2019/07/16,04:14:19.000,35.638802172,139.295583351,217.7644,2,10,0.0453,0.0348,0.1438,0.0114,-0.0233,0.0406,0.50,1.1
2019/07/16,04:14:20.000,35.638806436,139.295569147,217.7930,2,7,0.0496,0.0796,0.1446,0.0398,0.0233,0.0441,0.50,1.5
2019/07/16,04:14:21.000,35.638810331,139.295553993,217.6918,2,7,0.0495,0.0796,0.1445,0.0397,0.0231,0.0439,0.50,1.2
2019/07/16,04:14:22.000,35.638815512,139.295539257,217.7440,2,6,0.0449,0.0353,0.1435,0.0090,-0.0234,0.0404,0.50,1.1
2019/07/16,04:14:23.000,35.638821386,139.295524966,217.7176,2,5,0.0450,0.0375,0.1439,0.0095,-0.0265,0.0403,0.50,1.3
2019/07/16,04:14:24.000,35.638827409,139.295511601,217.6908,2,7,0.0449,0.0351,0.1433,0.0086,-0.0235,0.0404,0.50,1.0
2019/07/16,04:14:25.000,35.638834698,139.295498058,217.7500,2,6,0.0450,0.0352,0.1443,0.0094,-0.0221,0.0413,0.50,1.0
2019/07/16,04:14:26.000,35.638841867,139.295485075,217.7117,2,9,0.0447,0.0347,0.1430,0.0087,-0.0231,0.0401,0.50,1.1
2019/07/16,04:14:27.000,35.638849693,139.295472225,217.7478,2,6,0.0449,0.0350,0.1441,0.0089,-0.0223,0.0412,0.50,1.0
2019/07/16,04:14:28.000,35.638856882,139.295459387,217.7497,2,9,0.0447,0.0356,0.1430,0.0109,-0.0218,0.0401,0.50,1.4
2019/07/16,04:14:29.000,35.638864601,139.295446601,217.7339,2,6,0.0451,0.0355,0.1440,0.0112,-0.0213,0.0415,0.50,1.1
2019/07/16,04:14:30.000,35.638873827,139.295435811,217.7037,2,5,0.0515,0.0863,0.1458,0.0457,0.0367,0.0479,0.50,1.1
2019/07/16,04:14:31.000,35.638882422,139.295425047,217.7371,2,7,0.0447,0.0347,0.1439,0.0091,-0.0230,0.0414,1.00,1.3
2019/07/16,04:14:32.000,35.638890861,139.295413026,217.6863,2,5,0.0514,0.0862,0.1457,0.0457,0.0366,0.0478,0.50,1.1
2019/07/16,04:14:33.000,35.638902359,139.295376036,219.1208,2,4,1.4141,26.5167,13.9601,-6.1214,-19.2394,4.4418,0.50,1.0
2019/07/16,04:14:34.000,35.638909594,139.295389766,217.9856,2,4,1.4163,26.5157,13.9619,-6.1260,-19.2402,4.4456,0.50,1.0
2019/07/16,04:14:38.000,35.638954189,139.295352891,230.8363,2,4,0.8091,2.2623,29.9256,-1.2751,-7.6402,4.9115,0.50,1.0
2019/07/16,04:14:46.000,35.639054716,139.295325055,228.5791,2,4,17.7267,14.1256,20.2699,-15.7945,16.5867,-18.3623,0.50,8.3
2019/07/16,04:14:50.000,35.639120964,139.295288039,218.0643,2,6,1.8754,0.7476,7.1905,-0.4258,1.5444,3.2396,0.50,2.1
2019/07/16,04:14:51.000,35.639182885,139.295273217,223.1991,1,5,0.7845,0.2178,0.0985,-0.4131,-0.1308,0.2515,0.50,5.4
2019/07/16,04:14:52.000,35.639155264,139.295282823,220.2578,2,4,8.4515,1.6010,28.9099,-2.2080,-1.3568,15.1873,0.50,2.8
2019/07/16,04:14:53.000,35.639187951,139.295282067,224.4696,2,5,2.9606,1.8192,8.3849,-1.6936,3.5470,-0.5983,0.50,1.5
2019/07/16,04:14:54.000,35.639165969,139.295297052,222.2739,2,8,1.3400,0.4353,2.5487,-0.5023,0.4948,1.4270,0.50,1.5
2019/07/16,04:14:55.000,35.639169615,139.295302135,220.5424,2,9,1.0409,0.3536,1.9849,-0.3343,0.4146,1.1551,0.50,1.0
2019/07/16,04:14:56.000,35.639179977,139.295305907,219.7976,2,8,0.9251,0.3273,1.6883,-0.3078,0.3522,1.0080,0.50,2.4
2019/07/16,04:14:57.000,35.639195770,139.295307394,219.8367,1,7,0.0217,0.0095,0.0379,-0.0071,0.0094,0.0240,0.50,5.8
2019/07/16,04:14:58.000,35.639204993,139.295311059,219.2847,2,9,0.7510,0.2451,1.3568,-0.1971,0.2155,0.8701,0.50,1.6
2019/07/16,04:14:59.000,35.639217440,139.295316102,219.4497,2,8,0.7059,0.2242,1.3007,-0.1731,0.1775,0.8390,0.50,2.2
2019/07/16,04:15:00.000,35.639227845,139.295322610,219.1791,2,10,0.6578,0.2003,1.2034,-0.1471,0.1542,0.7844,0.50,1.1
2019/07/16,04:15:01.000,35.639239821,139.295329615,219.1731,2,10,0.6239,0.1821,1.1620,-0.1262,0.1433,0.7521,0.50,1.1
2019/07/16,04:15:02.000,35.639250280,139.295337588,218.8669,2,10,0.5840,0.1724,1.0889,-0.1082,0.1338,0.7068,0.50,1.4
2019/07/16,04:15:03.000,35.639260997,139.295344512,218.5182,2,8,0.5578,0.1659,1.0336,-0.1035,0.1195,0.6749,0.50,1.1
2019/07/16,04:15:04.000,35.639272003,139.295351557,218.2904,2,6,0.5329,0.1571,0.9903,-0.0895,0.0997,0.6522,0.50,1.1
2019/07/16,04:15:05.000,35.639281281,139.295359288,217.9983,2,9,0.5021,0.1518,0.9428,-0.0812,0.1012,0.6163,0.50,1.4
2019/07/16,04:15:06.000,35.639290940,139.295367141,217.9682,2,11,0.4714,0.1459,0.8954,-0.0673,0.1047,0.5821,0.50,1.3
2019/07/16,04:15:07.000,35.639300180,139.295376036,217.9072,2,10,0.4539,0.1422,0.8590,-0.0489,0.1090,0.5591,0.50,1.5
2019/07/16,04:15:08.000,35.639309961,139.295385504,218.0099,2,10,0.4322,0.1356,0.8230,-0.0477,0.1027,0.5340,0.50,1.1
2019/07/16,04:15:09.000,35.639319402,139.295394741,217.9591,2,8,0.4214,0.1335,0.7960,-0.0369,0.1030,0.5184,0.50,1.4
2019/07/16,04:15:10.000,35.639328793,139.295404494,217.9792,2,9,0.4069,0.1307,0.7811,-0.0218,0.1014,0.5056,0.50,1.6
2019/07/16,04:15:11.000,35.639339118,139.295414313,218.1065,2,11,0.3872,0.1269,0.7486,-0.0155,0.0994,0.4820,0.50,1.0
2019/07/16,04:15:12.000,35.639348124,139.295426064,218.1216,2,12,0.3688,0.1231,0.7162,-0.0169,0.0941,0.4590,0.50,1.1
2019/07/16,04:15:13.000,35.639356071,139.295437825,218.1782,2,10,0.3569,0.1207,0.6922,0.0141,0.0927,0.4421,0.50,1.5
2019/07/16,04:15:14.000,35.639363627,139.295450021,218.2533,2,9,0.3470,0.1187,0.6737,0.0273,0.0936,0.4289,0.50,2.2
2019/07/16,04:15:15.000,35.639371035,139.295462858,218.2153,2,10,0.3397,0.1169,0.6568,0.0364,0.0946,0.4189,0.50,1.2
2019/07/16,04:15:16.000,35.639378356,139.295476497,218.2280,2,11,0.3284,0.1147,0.6369,0.0376,0.0913,0.4052,0.50,1.1
2019/07/16,04:15:17.000,35.639384980,139.295489702,218.2408,2,12,0.3134,0.1117,0.6113,0.0310,0.0848,0.3861,0.50,1.4
2019/07/16,04:15:18.000,35.639390382,139.295503259,218.1172,2,11,0.3050,0.1100,0.5947,0.0356,0.0842,0.3754,0.50,1.2
2019/07/16,04:15:19.000,35.639395759,139.295517306,218.1470,2,11,0.2970,0.1083,0.5801,0.0375,0.0825,0.3656,0.50,1.2
2019/07/16,04:15:20.000,35.639401699,139.295531226,218.1232,2,11,0.2892,0.1066,0.5658,0.0384,0.0803,0.3560,0.50,1.1
2019/07/16,04:15:21.000,35.639407266,139.295545556,218.0455,2,11,0.2835,0.1050,0.5527,0.0400,0.0786,0.3477,0.50,1.3
2019/07/16,04:15:22.000,35.639411554,139.295559699,218.0709,2,10,0.2775,0.1036,0.5412,0.0392,0.0759,0.3404,0.50,1.0
2019/07/16,04:15:23.000,35.639415138,139.295574172,218.0102,2,11,0.2720,0.1012,0.5303,0.0385,0.0730,0.3335,0.50,1.1
2019/07/16,04:15:24.000,35.639418441,139.295589447,217.9430,2,10,0.2666,0.0999,0.5198,0.0382,0.0708,0.3267,0.50,1.2
2019/07/16,04:15:25.000,35.639421210,139.295604515,217.8833,2,10,0.2605,0.0997,0.5090,0.0375,0.0708,0.3190,0.50,1.0
2019/07/16,04:15:26.000,35.639423799,139.295619939,217.7865,2,10,0.2569,0.0982,0.4997,0.0385,0.0693,0.3134,0.50,1.2
2019/07/16,04:15:27.000,35.639426159,139.295635173,217.7407,2,9,0.2534,0.0981,0.4911,0.0363,0.0680,0.3080,0.50,1.3
2019/07/16,04:15:28.000,35.639428378,139.295650310,217.7580,2,11,0.2458,0.0965,0.4775,0.0387,0.0678,0.2977,0.50,1.3
2019/07/16,04:15:29.000,35.639429296,139.295665569,217.6890,2,10,0.2419,0.0954,0.4688,0.0388,0.0662,0.2922,0.50,1.1
2019/07/16,04:15:30.000,35.639429822,139.295680517,217.6215,2,8,0.2379,0.0948,0.4623,0.0401,0.0672,0.2878,0.50,1.1
2019/07/16,04:15:31.000,35.639430039,139.295695408,217.6071,2,10,0.2332,0.0937,0.4533,0.0389,0.0644,0.2817,0.50,1.3
2019/07/16,04:15:32.000,35.639429161,139.295710494,217.5889,2,11,0.2263,0.0926,0.4417,0.0389,0.0633,0.2728,0.50,1.4
2019/07/16,04:15:33.000,35.639428463,139.295725828,217.5185,2,10,0.2224,0.0917,0.4343,0.0386,0.0618,0.2679,0.50,1.3
2019/07/16,04:15:34.000,35.639427999,139.295740590,217.5011,2,10,0.2184,0.0907,0.4268,0.0383,0.0604,0.2629,0.50,1.4
2019/07/16,04:15:35.000,35.639427298,139.295756180,217.4580,2,10,0.2127,0.0895,0.4161,0.0354,0.0560,0.2551,0.50,1.3
2019/07/16,04:15:36.000,35.639427005,139.295771090,217.4423,2,10,0.2059,0.0910,0.4045,0.0306,0.0543,0.2456,0.50,1.1
2019/07/16,04:15:37.000,35.639426058,139.295786411,217.4220,2,10,0.2033,0.0882,0.4002,0.0342,0.0542,0.2430,0.50,1.1
2019/07/16,04:15:38.000,35.639425030,139.295801397,217.3720,2,10,0.2001,0.0873,0.3946,0.0341,0.0532,0.2393,0.50,1.2
2019/07/16,04:15:39.000,35.639423772,139.295816684,217.3255,2,9,0.1972,0.0877,0.3895,0.0332,0.0540,0.2357,0.50,1.1
2019/07/16,04:15:40.000,35.639421913,139.295832238,217.3269,2,7,0.1946,0.1006,0.3891,0.0388,0.0765,0.2333,0.50,1.5
2019/07/16,04:15:41.000,35.639420555,139.295846136,217.2123,2,9,0.1917,0.0873,0.3800,0.0330,0.0552,0.2289,0.50,1.1
2019/07/16,04:15:42.000,35.639419934,139.295860681,217.2008,2,9,0.1877,0.0867,0.3728,0.0305,0.0528,0.2235,0.50,1.1
2019/07/16,04:15:43.000,35.639418630,139.295875643,217.0981,2,7,0.1840,0.0884,0.3664,0.0274,0.0533,0.2184,1.00,1.1
2019/07/16,04:15:44.000,35.639417123,139.295890357,217.0758,2,9,0.1804,0.0858,0.3597,0.0261,0.0491,0.2137,0.50,1.0
2019/07/16,04:15:45.000,35.639415901,139.295904945,217.0796,2,9,0.1765,0.0853,0.3528,0.0232,0.0467,0.2083,0.50,1.0
2019/07/16,04:15:46.000,35.639414582,139.295919784,217.0073,2,9,0.1742,0.0850,0.3491,0.0240,0.0479,0.2057,0.50,1.0
2019/07/16,04:15:47.000,35.639412763,139.295934803,217.0067,2,9,0.1717,0.0846,0.3451,0.0247,0.0485,0.2027,0.50,1.0
2019/07/16,04:15:48.000,35.639411947,139.295949958,217.0250,2,9,0.1684,0.0840,0.3389,0.0220,0.0461,0.1981,0.50,1.0
2019/07/16,04:15:49.000,35.639410301,139.295965549,217.0180,2,9,0.1664,0.0838,0.3357,0.0229,0.0473,0.1958,0.50,1.0
2019/07/16,04:15:50.000,35.639408069,139.295981266,217.0223,2,10,0.1634,0.0829,0.3303,0.0216,0.0449,0.1919,0.50,1.1
2019/07/16,04:15:51.000,35.639405753,139.295997149,217.0141,2,10,0.1612,0.0820,0.3265,0.0226,0.0444,0.1894,0.50,1.3
2019/07/16,04:15:52.000,35.639404670,139.296012510,217.0101,2,10,0.1590,0.0812,0.3228,0.0234,0.0440,0.1868,0.50,1.4
2019/07/16,04:15:53.000,35.639402832,139.296027545,216.9614,2,9,0.1564,0.0810,0.3173,0.0204,0.0420,0.1825,0.50,1.1
2019/07/16,04:15:54.000,35.639400159,139.296042899,216.9537,2,11,0.1535,0.0804,0.3133,0.0222,0.0425,0.1794,0.50,1.1
2019/07/16,04:15:55.000,35.639399217,139.296057847,217.0174,2,10,0.1501,0.0799,0.3075,0.0205,0.0410,0.1747,0.50,1.1
2019/07/16,04:15:56.000,35.639399153,139.296073288,216.9659,2,9,0.1474,0.0794,0.3029,0.0188,0.0396,0.1710,0.50,1.1
2019/07/16,04:15:57.000,35.639399163,139.296088989,217.0214,2,10,0.1443,0.0789,0.2979,0.0183,0.0392,0.1670,0.50,1.2
2019/07/16,04:15:58.000,35.639400037,139.296103992,217.0017,2,7,0.1434,0.0934,0.3020,0.0286,0.0684,0.1673,0.50,2.0
2019/07/16,04:15:59.000,35.639400814,139.296118949,216.9812,2,10,0.1404,0.0787,0.2921,0.0206,0.0422,0.1624,0.50,1.1
2019/07/16,04:16:00.000,35.639402089,139.296133806,217.0081,2,10,0.1382,0.0785,0.2886,0.0212,0.0430,0.1596,0.50,1.2
2019/07/16,04:16:01.000,35.639402855,139.296148321,216.9774,2,9,0.1369,0.0782,0.2863,0.0211,0.0431,0.1582,0.50,1.1
2019/07/16,04:16:02.000,35.639401926,139.296161932,217.0316,2,11,0.1336,0.0773,0.2809,0.0202,0.0409,0.1537,0.50,1.6
2019/07/16,04:16:03.000,35.639400721,139.296175426,216.9982,2,11,0.1314,0.0764,0.2771,0.0204,0.0397,0.1509,0.50,1.2
2019/07/16,04:16:04.000,35.639399369,139.296188900,216.9559,2,12,0.1287,0.0756,0.2728,0.0210,0.0391,0.1473,0.50,1.2
2019/07/16,04:16:05.000,35.639398920,139.296202732,216.9617,2,9,0.1267,0.0754,0.2708,0.0197,0.0364,0.1452,0.50,1.1
2019/07/16,04:16:06.000,35.639400183,139.296216796,216.9681,2,9,0.1247,0.0749,0.2675,0.0197,0.0352,0.1421,0.50,1.4
2019/07/16,04:16:07.000,35.639400096,139.296231667,216.9437,2,9,0.1235,0.0844,0.2665,0.0166,0.0522,0.1397,0.50,1.1
2019/07/16,04:16:08.000,35.639399131,139.296245767,216.9715,2,10,0.1221,0.0745,0.2627,0.0225,0.0392,0.1391,0.50,1.3
2019/07/16,04:16:09.000,35.639398774,139.296260258,217.0014,2,9,0.1198,0.0754,0.2580,0.0169,0.0364,0.1352,0.50,1.5
2019/07/16,04:16:10.000,35.639398877,139.296275071,217.0518,2,9,0.1178,0.0752,0.2548,0.0165,0.0364,0.1326,0.50,1.6
2019/07/16,04:16:11.000,35.639399389,139.296288861,217.0334,2,10,0.1156,0.0735,0.2516,0.0200,0.0368,0.1299,0.50,1.6
2019/07/16,04:16:12.000,35.639399807,139.296304132,217.0667,2,10,0.1142,0.0742,0.2486,0.0152,0.0357,0.1277,0.50,1.8
2019/07/16,04:16:13.000,35.639400666,139.296318558,217.0754,2,10,0.1126,0.0737,0.2458,0.0145,0.0355,0.1255,1.00,1.3
2019/07/16,04:16:14.000,35.639399834,139.296333350,217.1010,2,11,0.1109,0.0730,0.2430,0.0147,0.0346,0.1233,0.50,1.3
2019/07/16,04:16:15.000,35.639397712,139.296348121,217.1466,2,11,0.1090,0.0730,0.2409,0.0167,0.0377,0.1212,0.50,1.2
2019/07/16,04:16:16.000,35.639395342,139.296362000,217.1375,2,7,0.1081,0.0743,0.2393,0.0156,0.0397,0.1199,0.50,1.0
2019/07/16,04:16:17.000,35.639392105,139.296375799,217.1291,2,10,0.1067,0.0718,0.2367,0.0169,0.0365,0.1184,0.50,1.1
2019/07/16,04:16:18.000,35.639387894,139.296389499,217.0548,2,11,0.1066,0.0716,0.2363,0.0209,0.0402,0.1185,0.50,1.2
2019/07/16,04:16:19.000,35.639383982,139.296403315,217.0993,2,10,0.1040,0.0710,0.2327,0.0184,0.0377,0.1153,0.50,1.1
2019/07/16,04:16:20.000,35.639381565,139.296417772,217.0796,2,11,0.1025,0.0697,0.2305,0.0191,0.0376,0.1136,0.50,1.2
2019/07/16,04:16:21.000,35.639379737,139.296432513,217.0827,2,12,0.1022,0.0687,0.2291,0.0196,0.0370,0.1125,0.50,1.3
2019/07/16,04:16:22.000,35.639378829,139.296448043,217.0782,2,10,0.1010,0.0686,0.2281,0.0218,0.0390,0.1121,0.50,1.1
2019/07/16,04:16:23.000,35.639378372,139.296462787,217.0400,2,12,0.0995,0.0676,0.2257,0.0207,0.0377,0.1104,0.50,1.4
2019/07/16,04:16:24.000,35.639377377,139.296477997,217.0424,2,13,0.0980,0.0668,0.2232,0.0209,0.0375,0.1085,0.50,1.4
2019/07/16,04:16:25.000,35.639376155,139.296493220,217.0336,2,14,0.0965,0.0661,0.2210,0.0209,0.0375,0.1066,0.50,1.4
2019/07/16,04:16:26.000,35.639375098,139.296508259,217.0200,2,13,0.0953,0.0655,0.2189,0.0208,0.0373,0.1052,0.50,1.8
2019/07/16,04:16:27.000,35.639373520,139.296523744,216.9866,2,12,0.0948,0.0648,0.2179,0.0214,0.0376,0.1047,0.50,1.5
2019/07/16,04:16:28.000,35.639371752,139.296539156,216.9570,2,12,0.0940,0.0644,0.2170,0.0219,0.0382,0.1042,0.50,1.3
2019/07/16,04:16:29.000,35.639370632,139.296554212,216.9502,2,13,0.0921,0.0637,0.2141,0.0216,0.0376,0.1016,0.50,1.3
2019/07/16,04:16:30.000,35.639370936,139.296569063,216.9403,2,13,0.0908,0.0630,0.2117,0.0214,0.0372,0.0999,0.50,1.7
2019/07/16,04:16:31.000,35.639371356,139.296584636,216.9380,2,14,0.0893,0.0624,0.2093,0.0210,0.0365,0.0979,0.50,1.6
2019/07/16,04:16:32.000,35.639372138,139.296600270,216.9316,2,14,0.0881,0.0619,0.2075,0.0211,0.0366,0.0965,1.00,2.0
2019/07/16,04:16:33.000,35.639371994,139.296616429,216.9185,2,11,0.0884,0.0615,0.2077,0.0218,0.0374,0.0973,0.50,1.2
2019/07/16,04:16:34.000,35.639370750,139.296631940,216.9019,2,10,0.0868,0.0613,0.2050,0.0218,0.0367,0.0950,0.50,1.2
2019/07/16,04:16:35.000,35.639368451,139.296647057,216.8712,2,10,0.0858,0.0609,0.2034,0.0219,0.0364,0.0938,0.50,1.2
2019/07/16,04:16:36.000,35.639367395,139.296662431,216.8445,2,11,0.0847,0.0606,0.2014,0.0221,0.0363,0.0922,0.50,1.1
2019/07/16,04:16:37.000,35.639367133,139.296677756,216.8319,2,12,0.0837,0.0601,0.1998,0.0216,0.0361,0.0910,0.50,1.7
2019/07/16,04:16:38.000,35.639366884,139.296693577,216.8315,2,12,0.0827,0.0596,0.1982,0.0216,0.0361,0.0898,0.50,1.8
2019/07/16,04:16:39.000,35.639365952,139.296709376,216.8690,2,13,0.0815,0.0589,0.1962,0.0207,0.0351,0.0880,0.50,1.5
2019/07/16,04:16:40.000,35.639366065,139.296724238,216.8179,2,8,0.0823,0.0591,0.1971,0.0223,0.0367,0.0898,0.50,1.2
2019/07/16,04:16:41.000,35.639365611,139.296739143,216.8554,2,12,0.0798,0.0585,0.1931,0.0212,0.0347,0.0858,0.50,1.1
2019/07/16,04:16:42.000,35.639364333,139.296753862,216.8851,2,13,0.0789,0.0582,0.1916,0.0215,0.0348,0.0847,0.50,1.1
2019/07/16,04:16:43.000,35.639363446,139.296769325,216.8804,2,13,0.0777,0.0576,0.1895,0.0208,0.0337,0.0829,0.50,1.0
2019/07/16,04:16:44.000,35.639363243,139.296784700,216.8969,2,12,0.0767,0.0573,0.1878,0.0210,0.0335,0.0815,0.50,1.5
2019/07/16,04:16:45.000,35.639362525,139.296800418,216.9164,2,13,0.0758,0.0570,0.1863,0.0211,0.0330,0.0800,0.50,1.2
2019/07/16,04:16:46.000,35.639361213,139.296815795,216.9114,2,12,0.0751,0.0567,0.1850,0.0214,0.0331,0.0793,0.50,1.5
2019/07/16,04:16:47.000,35.639359208,139.296830898,216.9279,2,13,0.0741,0.0563,0.1831,0.0212,0.0324,0.0778,0.50,1.4
2019/07/16,04:16:48.000,35.639355189,139.296845706,216.8973,2,13,0.0738,0.0561,0.1829,0.0221,0.0337,0.0780,0.50,1.1
2019/07/16,04:16:49.000,35.639349869,139.296859339,216.9300,2,14,0.0731,0.0557,0.1813,0.0218,0.0336,0.0769,0.50,1.1
2019/07/16,04:16:50.000,35.639344843,139.296872270,216.9401,2,14,0.0720,0.0553,0.1794,0.0218,0.0337,0.0753,0.50,1.1
2019/07/16,04:16:51.000,35.639338917,139.296885176,216.9818,2,13,0.0711,0.0552,0.1777,0.0221,0.0337,0.0740,0.50,1.1
2019/07/16,04:16:52.000,35.639332260,139.296898261,216.9832,2,12,0.0703,0.0558,0.1764,0.0220,0.0348,0.0727,0.50,1.3
2019/07/16,04:16:53.000,35.639325480,139.296911186,217.0440,2,11,0.0696,0.0649,0.1767,0.0192,0.0450,0.0709,0.50,2.3
2019/07/16,04:16:54.000,35.639318453,139.296923032,217.0120,2,13,0.0688,0.0548,0.1735,0.0226,0.0342,0.0705,0.50,1.2
2019/07/16,04:16:55.000,35.639310678,139.296935062,217.0445,2,14,0.0679,0.0543,0.1719,0.0220,0.0339,0.0693,0.50,1.3
2019/07/16,04:16:56.000,35.639302219,139.296946250,217.0732,2,13,0.0673,0.0542,0.1707,0.0217,0.0344,0.0682,0.50,1.5
2019/07/16,04:16:57.000,35.639294462,139.296956788,217.0609,2,14,0.0670,0.0534,0.1702,0.0216,0.0334,0.0683,0.50,1.8
2019/07/16,04:16:58.000,35.639286528,139.296967587,217.1127,2,14,0.0676,0.0530,0.1705,0.0209,0.0333,0.0695,0.50,1.2
2019/07/16,04:16:59.000,35.639277371,139.296977661,217.0853,2,14,0.0674,0.0524,0.1696,0.0208,0.0330,0.0690,0.50,1.1
2019/07/16,04:17:00.000,35.639268154,139.296986859,217.0883,2,13,0.0663,0.0519,0.1682,0.0210,0.0330,0.0676,0.50,1.1
2019/07/16,04:17:01.000,35.639258786,139.296995911,217.0858,2,13,0.0652,0.0515,0.1672,0.0210,0.0330,0.0667,0.50,1.5
2019/07/16,04:17:02.000,35.639248094,139.297004216,217.0703,2,14,0.0642,0.0514,0.1656,0.0207,0.0322,0.0651,1.00,1.2
2019/07/16,04:17:03.000,35.639237651,139.297011531,217.0929,2,14,0.0631,0.0511,0.1639,0.0205,0.0320,0.0634,0.50,1.1
2019/07/16,04:17:04.000,35.639226618,139.297018914,217.1138,2,13,0.0623,0.0510,0.1625,0.0202,0.0320,0.0621,1.00,1.0
2019/07/16,04:17:05.000,35.639215448,139.297025299,217.1231,2,12,0.0618,0.0511,0.1614,0.0208,0.0321,0.0610,0.50,1.1
2019/07/16,04:17:06.000,35.639204639,139.297032089,217.1311,2,14,0.0610,0.0506,0.1600,0.0208,0.0316,0.0601,0.50,1.1
2019/07/16,04:17:07.000,35.639193590,139.297039238,217.1151,2,13,0.0604,0.0506,0.1589,0.0207,0.0317,0.0591,0.50,1.1
2019/07/16,04:17:08.000,35.639183001,139.297046153,217.1447,2,13,0.0598,0.0503,0.1577,0.0208,0.0314,0.0582,0.50,1.2
2019/07/16,04:17:09.000,35.639172725,139.297053728,217.1298,2,12,0.0592,0.0507,0.1567,0.0206,0.0319,0.0573,0.50,1.3
2019/07/16,04:17:10.000,35.639161978,139.297060751,217.1289,2,16,0.0585,0.0498,0.1555,0.0205,0.0311,0.0563,0.50,1.1
2019/07/16,04:17:11.000,35.639151493,139.297066878,217.1418,2,13,0.0579,0.0505,0.1548,0.0190,0.0329,0.0551,0.50,1.1
2019/07/16,04:17:12.000,35.639140697,139.297072710,217.1438,2,13,0.0574,0.0496,0.1536,0.0198,0.0318,0.0546,1.00,1.0
2019/07/16,04:17:13.000,35.639129514,139.297077118,217.1411,2,13,0.0568,0.0492,0.1527,0.0200,0.0319,0.0540,0.50,1.0
2019/07/16,04:17:14.000,35.639118072,139.297080474,217.1787,2,15,0.0561,0.0489,0.1516,0.0196,0.0315,0.0530,0.50,1.1
2019/07/16,04:17:15.000,35.639106327,139.297082916,217.2139,2,13,0.0556,0.0487,0.1506,0.0197,0.0315,0.0524,0.50,1.2
2019/07/16,04:17:16.000,35.639094383,139.297085988,217.1797,2,13,0.0551,0.0485,0.1497,0.0196,0.0316,0.0518,0.50,1.3
2019/07/16,04:17:17.000,35.639082485,139.297087976,217.2112,2,13,0.0546,0.0483,0.1488,0.0197,0.0317,0.0511,0.50,1.4
2019/07/16,04:17:18.000,35.639070202,139.297088124,217.2068,2,12,0.0543,0.0481,0.1487,0.0197,0.0314,0.0504,0.50,1.0
2019/07/16,04:17:19.000,35.639057714,139.297086058,217.2036,2,11,0.0540,0.0496,0.1484,0.0170,0.0333,0.0487,0.50,1.2
2019/07/16,04:17:20.000,35.639046359,139.297083220,217.1864,2,10,0.0542,0.0496,0.1516,0.0155,0.0354,0.0460,0.50,1.1
2019/07/16,04:17:21.000,35.639035519,139.297081928,217.2067,2,10,0.0532,0.0564,0.1484,0.0157,0.0401,0.0474,0.50,2.6
2019/07/16,04:17:22.000,35.639023813,139.297083122,217.1971,2,10,0.0531,0.0574,0.1491,0.0137,0.0427,0.0456,0.50,1.3
2019/07/16,04:17:23.000,35.639011763,139.297085117,217.1863,2,12,0.0525,0.0491,0.1465,0.0168,0.0333,0.0457,0.50,1.1
2019/07/16,04:17:24.000,35.639001292,139.297088440,217.1496,2,12,0.0520,0.0501,0.1456,0.0191,0.0335,0.0460,0.50,1.4
2019/07/16,04:17:25.000,35.638991453,139.297093099,217.1579,2,9,0.0526,0.0593,0.1475,0.0134,0.0419,0.0470,0.50,1.3
2019/07/16,04:17:26.000,35.638981474,139.297099628,217.2312,2,12,0.0512,0.0585,0.1460,0.0167,0.0436,0.0449,0.50,1.0
2019/07/16,04:17:27.000,35.638972340,139.297108360,217.2891,2,12,0.0508,0.0536,0.1443,0.0186,0.0388,0.0449,0.50,1.0
2019/07/16,04:17:28.000,35.638963568,139.297119212,217.2296,2,12,0.0512,0.0516,0.1443,0.0183,0.0362,0.0464,0.50,1.2
2019/07/16,04:17:29.000,35.638955986,139.297130659,217.1947,2,12,0.0501,0.0510,0.1427,0.0185,0.0369,0.0440,0.50,1.1
2019/07/16,04:17:30.000,35.638949486,139.297142627,217.1960,2,9,0.0508,0.0589,0.1442,0.0138,0.0427,0.0446,0.50,1.4
2019/07/16,04:17:31.000,35.638943144,139.297154637,217.2149,2,12,0.0494,0.0501,0.1416,0.0188,0.0365,0.0433,0.50,1.2
2019/07/16,04:17:32.000,35.638937081,139.297164545,217.2347,2,12,0.0491,0.0495,0.1409,0.0189,0.0362,0.0429,0.50,1.2
2019/07/16,04:17:33.000,35.638930160,139.297175828,217.1700,2,11,0.0496,0.0490,0.1413,0.0184,0.0354,0.0444,0.50,1.3
2019/07/16,04:17:34.000,35.638923184,139.297187383,217.1626,2,10,0.0494,0.0576,0.1420,0.0151,0.0424,0.0434,0.50,1.0
2019/07/16,04:17:35.000,35.638916206,139.297197679,217.1053,2,10,0.0490,0.0485,0.1404,0.0187,0.0353,0.0439,0.50,1.3
2019/07/16,04:17:36.000,35.638910422,139.297209777,217.0784,2,10,0.0487,0.0483,0.1400,0.0188,0.0354,0.0437,0.50,1.2
2019/07/16,04:17:37.000,35.638906293,139.297222940,217.0774,2,10,0.0484,0.0480,0.1396,0.0189,0.0354,0.0435,0.50,1.2
2019/07/16,04:17:38.000,35.638904026,139.297235759,217.1092,2,10,0.0481,0.0477,0.1391,0.0188,0.0354,0.0432,0.50,1.1
2019/07/16,04:17:39.000,35.638900648,139.297249845,217.1074,2,9,0.0479,0.0505,0.1382,0.0163,0.0357,0.0423,0.50,1.1
2019/07/16,04:17:40.000,35.638895938,139.297264004,217.1447,2,9,0.0478,0.0582,0.1397,0.0140,0.0440,0.0415,0.50,1.6
2019/07/16,04:17:41.000,35.638891231,139.297277948,217.1533,2,13,0.0473,0.0474,0.1376,0.0188,0.0354,0.0422,0.50,1.2
2019/07/16,04:17:42.000,35.638887112,139.297291542,217.1839,2,11,0.0472,0.0590,0.1390,0.0128,0.0464,0.0388,0.50,1.3
2019/07/16,04:17:43.000,35.638883556,139.297304784,217.2167,2,13,0.0460,0.0469,0.1357,0.0195,0.0353,0.0405,0.50,1.4
2019/07/16,04:17:44.000,35.638879154,139.297319718,217.2351,2,9,0.0467,0.0580,0.1377,0.0143,0.0443,0.0400,0.50,1.8
2019/07/16,04:17:45.000,35.638874515,139.297332049,217.1265,2,9,0.0465,0.0579,0.1374,0.0143,0.0444,0.0398,0.50,1.8
2019/07/16,04:17:46.000,35.638870022,139.297345451,217.1278,2,10,0.0460,0.0469,0.1354,0.0191,0.0358,0.0408,0.50,1.3
2019/07/16,04:17:47.000,35.638867316,139.297360229,217.1141,2,9,0.0459,0.0570,0.1366,0.0155,0.0440,0.0396,0.50,1.6
2019/07/16,04:17:48.000,35.638864139,139.297374856,217.1336,2,9,0.0456,0.0567,0.1362,0.0159,0.0440,0.0395,0.50,1.8
2019/07/16,04:17:49.000,35.638860350,139.297389283,217.0834,2,9,0.0455,0.0579,0.1360,0.0147,0.0449,0.0389,0.50,1.9
2019/07/16,04:17:50.000,35.638857307,139.297404052,217.1267,2,10,0.0450,0.0467,0.1341,0.0193,0.0362,0.0400,0.50,1.2
2019/07/16,04:17:51.000,35.638853265,139.297417839,217.0857,2,9,0.0449,0.0565,0.1352,0.0162,0.0442,0.0389,0.50,1.9
2019/07/16,04:17:52.000,35.638847328,139.297431759,217.0750,2,9,0.0448,0.0578,0.1351,0.0148,0.0453,0.0383,0.50,1.8
2019/07/16,04:17:53.000,35.638841183,139.297446251,217.1186,2,9,0.0444,0.0564,0.1346,0.0164,0.0444,0.0385,0.50,1.8
2019/07/16,04:17:54.000,35.638835209,139.297460387,217.1209,2,10,0.0441,0.0465,0.1327,0.0195,0.0366,0.0392,0.50,1.2
2019/07/16,04:17:55.000,35.638830078,139.297473722,217.0924,2,9,0.0442,0.0577,0.1341,0.0150,0.0456,0.0377,0.50,1.8
2019/07/16,04:17:56.000,35.638824840,139.297487447,217.0504,2,9,0.0459,0.0665,0.1440,0.0276,0.0625,0.0466,0.50,1.0
2019/07/16,04:17:57.000,35.638820191,139.297501189,217.0179,2,9,0.0447,0.0617,0.1390,0.0232,0.0548,0.0427,0.50,1.0
2019/07/16,04:17:58.000,35.638815557,139.297515964,217.0262,2,10,0.0441,0.0462,0.1326,0.0199,0.0371,0.0404,0.50,1.0
2019/07/16,04:17:59.000,35.638810592,139.297528623,216.9969,2,8,0.0441,0.0582,0.1379,0.0198,0.0493,0.0418,0.50,1.0
2019/07/16,04:18:00.000,35.638806061,139.297543105,216.9562,2,10,0.0434,0.0461,0.1317,0.0200,0.0373,0.0394,0.50,1.1
2019/07/16,04:18:01.000,35.638803248,139.297557635,217.0528,2,9,0.0434,0.0460,0.1337,0.0200,0.0374,0.0409,0.50,1.3
2019/07/16,04:18:02.000,35.638801489,139.297571523,217.0298,2,9,0.0431,0.0459,0.1333,0.0201,0.0375,0.0405,0.50,1.3
2019/07/16,04:18:03.000,35.638803044,139.297583359,216.9786,2,8,0.0431,0.0585,0.1353,0.0166,0.0480,0.0391,0.50,1.1
2019/07/16,04:18:04.000,35.638805319,139.297595981,216.9479,2,8,0.0429,0.0585,0.1350,0.0166,0.0480,0.0388,0.50,1.2
2019/07/16,04:18:05.000,35.638806350,139.297608323,216.9933,2,8,0.0427,0.0585,0.1348,0.0166,0.0481,0.0386,0.50,1.1
2019/07/16,04:18:06.000,35.638807879,139.297621405,217.0336,2,8,0.0425,0.0584,0.1346,0.0167,0.0481,0.0385,0.50,1.1
2019/07/16,04:18:07.000,35.638811771,139.297632881,216.8697,2,8,0.0501,0.0776,0.1681,0.0379,0.0863,0.0623,0.50,1.4
2019/07/16,04:18:08.000,35.638816568,139.297651553,217.1962,2,5,0.2925,0.9500,0.6980,-0.5205,0.8032,-0.4344,0.50,1.0
2019/07/16,04:18:11.000,35.638807081,139.297691057,220.8548,2,4,11.9611,2.6018,27.4145,5.4596,-8.2540,-18.0774,0.50,1.1
2019/07/16,04:18:14.000,35.638803018,139.297727221,217.1208,2,6,1.0474,0.5041,3.0952,-0.4704,-0.5313,1.7706,0.50,1.0
2019/07/16,04:18:15.000,35.638803644,139.297738624,217.5205,2,8,0.7416,0.6195,2.3373,-0.3380,0.5245,1.2493,0.50,1.0
2019/07/16,04:18:16.000,35.638809737,139.297744958,218.9725,2,10,0.4227,0.4029,1.2067,-0.2759,0.1616,0.6616,0.50,1.0
2019/07/16,04:18:17.000,35.638815931,139.297718627,215.8724,2,6,1.3410,4.9163,4.4843,-2.4810,4.5512,-2.1315,0.50,1.0
2019/07/16,04:18:18.000,35.638806476,139.297763210,218.2017,2,5,0.7025,0.4579,1.9021,-0.4340,-0.5012,1.1212,0.50,1.0
2019/07/16,04:18:19.000,35.638809757,139.297770960,219.1349,2,7,0.4333,0.2836,1.2181,-0.2464,-0.2453,0.7011,0.50,1.0
2019/07/16,04:18:20.000,35.638809256,139.297780236,218.7832,2,7,0.3049,0.2432,0.8756,-0.1755,0.0141,0.4869,0.50,1.1
2019/07/16,04:18:21.000,35.638828873,139.297781654,224.3766,2,4,10.5651,3.5090,27.8595,-6.0830,-9.8737,17.1554,0.50,1.0
2019/07/16,04:18:22.000,35.638809631,139.297797310,218.4836,2,5,1.2823,0.5016,3.3385,-0.7659,-1.2040,2.0624,0.50,1.0
2019/07/16,04:18:23.000,35.638811129,139.297803555,218.8857,2,7,0.2679,0.2236,0.7698,-0.1594,0.0457,0.4243,0.50,1.1
2019/07/16,04:18:24.000,35.638810463,139.297805913,219.0831,2,5,1.5698,4.0957,2.0216,-2.5216,2.7767,-1.6604,1.00,1.0
2019/07/16,04:18:25.000,35.638807619,139.297807984,219.6117,2,8,1.0567,1.4507,1.8627,-1.0985,1.3182,-0.9344,0.50,1.3
2019/07/16,04:18:26.000,35.638813017,139.297803121,219.7067,2,10,0.5064,0.2529,1.0750,-0.1581,-0.3440,0.2172,0.50,1.5
2019/07/16,04:18:27.000,35.638841232,139.297760707,209.6716,2,4,8.4178,10.5596,26.7981,-9.4204,16.8107,-15.0037,0.50,2.1
2019/07/16,04:18:28.000,35.638813517,139.297804861,220.1071,2,8,0.2871,0.5978,0.8989,-0.3110,0.5420,0.3056,0.50,1.0
2019/07/16,04:18:29.000,35.638814893,139.297800867,220.0271,2,8,0.2400,0.2163,0.6250,-0.1723,-0.1308,0.3567,0.50,1.1
2019/07/16,04:18:30.000,35.638815130,139.297800435,220.1276,2,6,0.2346,0.2109,0.6141,-0.1668,-0.1222,0.3498,0.50,1.0
2019/07/16,04:18:31.000,35.638815132,139.297800339,220.1647,2,5,0.2306,0.2064,0.6088,-0.1626,-0.1187,0.3451,0.50,1.0
2019/07/16,04:18:32.000,35.638815752,139.297799654,220.2132,2,6,0.2254,0.2016,0.5957,-0.1577,-0.1093,0.3376,0.50,1.0
2019/07/16,04:18:33.000,35.638815957,139.297799435,220.2821,2,6,0.2207,0.1972,0.5855,-0.1532,-0.1020,0.3310,0.50,1.0
2019/07/16,04:18:34.000,35.638820110,139.297797414,221.6390,2,5,5.3490,1.7577,14.0275,-3.0596,-4.9498,8.6610,0.50,1.0
2019/07/16,04:18:35.000,35.638814416,139.297799756,220.0562,2,8,0.2056,0.1831,0.5536,-0.1399,-0.0856,0.3093,0.50,1.1
2019/07/16,04:18:36.000,35.638813737,139.297799932,219.9571,2,7,0.1941,0.1789,0.5254,-0.1326,-0.0599,0.2905,0.50,1.0
2019/07/16,04:18:37.000,35.638813401,139.297799593,219.8684,2,8,0.1842,0.1724,0.5019,-0.1253,-0.0346,0.2750,0.50,1.1
2019/07/16,04:18:38.000,35.638813260,139.297798830,219.9072,2,7,0.2199,0.1703,0.5827,-0.1380,-0.1092,0.3344,0.50,1.0
2019/07/16,04:18:39.000,35.638813550,139.297798908,220.0347,2,7,0.2037,0.1644,0.5428,-0.1315,-0.1008,0.3085,0.50,1.1
2019/07/16,04:18:40.000,35.638813930,139.297799069,220.0045,2,8,0.1713,0.1572,0.4661,-0.1151,-0.0406,0.2550,0.50,1.1
2019/07/16,04:18:41.000,35.638816073,139.297800755,219.9324,2,7,0.2054,0.1564,0.5392,-0.1287,-0.1072,0.3103,0.50,1.0
2019/07/16,04:18:42.000,35.638826303,139.297801021,223.1260,2,8,0.5496,0.1748,1.5679,-0.2439,-0.3706,0.9206,0.50,1.0
2019/07/16,04:18:44.000,35.638794201,139.297814765,224.0810,2,5,1.3646,0.2938,3.3000,0.4583,-0.9086,-1.5456,0.50,1.1
2019/07/16,04:18:46.000,35.638808262,139.297830931,226.8356,2,4,5.1288,2.3394,29.5252,3.3481,-8.3015,-11.8636,0.50,1.2
